,city,human_region,ctr,Population,Latitude,Longitude
0,South Yarra,Victoria,au,,-37.833333,144.98333300000002
1,Kongens Lyngby,Hovedstaden,dk,,55.771784999999994,12.505991
2,Lebbeke,Oost-Vlaanderen,be,17372.0,51.0,4.133333
3,Zaventem,Vlaams-Brabant,be,28188.0,50.883333,4.466667
4,Wetteren,Oost-Vlaanderen,be,22930.0,51.0,3.8833330000000004
5,Aartselaar,Antwerpen,be,14193.0,51.133333,4.383333
6,Zoersel,Antwerpen,be,20642.0,51.266667,4.7
7,Oudenaarde,Oost-Vlaanderen,be,27935.0,50.85,3.6
8,Boechout,Antwerpen,be,12145.0,51.166667,4.5
9,Duffel,Antwerpen,be,16011.0,51.1,4.516667
12,Ekeren,Antwerpen,be,,51.283333,4.4166669999999995
13,Mol,Antwerpen,be,32659.0,51.183333000000005,5.1
14,Molenbeek-Saint-Jean,Brussels Hoofdstedelijk Gewest,be,,50.85,4.316667
15,Dilbeek,Vlaams-Brabant,be,39482.0,50.85,4.266667
16,Evere,Brussels Hoofdstedelijk Gewest,be,,50.866667,4.4
17,Brasschaat,Antwerpen,be,37040.0,51.283333,4.45
18,Geel,Antwerpen,be,34697.0,51.166667,5.0
19,Turnhout,Antwerpen,be,39654.0,51.316666999999995,4.95
20,Hoboken,Antwerpen,be,,51.166667,4.35
21,Merksem,Antwerpen,be,,51.25,4.45
22,Ganshoren,Brussels Hoofdstedelijk Gewest,be,,50.866667,4.3
23,Schoten,Antwerpen,be,33622.0,51.25,4.5
24,Jette,Brussels Hoofdstedelijk Gewest,be,,50.866667,4.3333330000000005
25,Wilrijk,Antwerpen,be,,51.166667,4.4
26,Dendermonde,Oost-Vlaanderen,be,43055.0,51.033333,4.116667
28,Edegem,Antwerpen,be,21839.0,51.15,4.45
31,Bruges,West-Vlaanderen,be,,51.216667,3.233333
36,Willebroek,Antwerpen,be,22808.0,51.066666999999995,4.366667
37,Kortrijk,West-Vlaanderen,be,73879.0,50.833333,3.266667
38,Vilvoorde,Vlaams-Brabant,be,36955.0,50.933333000000005,4.433333
39,Kontich,Antwerpen,be,20290.0,51.133333,4.45
40,Mortsel,Antwerpen,be,24525.0,51.166667,4.466667
45,Moravska Trebova,Svitavy,cz,11564.0,49.755711,16.657149
46,Konarovice,Kolín,cz,,50.04078,15.283057999999999
47,Trutnov,Trutnov,cz,32085.0,50.565612,15.914354999999999
48,Jablonec nad Nisou,Jablonec nad Nisou,cz,,50.720473999999996,15.171128
50,Parsippany,New Jersey,us,,40.8577778,-74.4263889
52,Qiryat Tiv`on,Haifa,il,,32.723889,35.127221999999996
53,Kfar Yona,Central District,il,,32.316691999999996,34.935072999999996
57,Uden,Noord-Brabant,nl,41221.0,51.663777,5.62398
65,Grecia,Alajuela,cr,12677.0,10.072427000000001,-84.31124200000001
71,Piteå,Norrbottens län,se,22044.0,65.333333,21.5
72,Kollam,Kerala,in,394198.0,8.880556,76.591667
73,Alappuzha,Kerala,in,176799.0,9.494167,76.3275
80,Long An,Long An,vn,,10.4,106.33333300000001
87,Quang Tri,Quảng Trị,vn,,16.75,107.2
134,Nazareth,Northern District,il,,32.703610999999995,35.295556
135,Yavne,Central District,il,32394.0,31.81555,34.7208
138,Azor,Tel Aviv,il,,32.019166999999996,34.810556
139,Yehud,Central District,il,,32.035,34.886111
140,Or Yehuda,Tel Aviv,il,30977.0,32.031110999999996,34.845833
141,Qiryat Ata,Haifa,il,,32.800556,35.106389
142,Vénissieux,Rhône,fr,53678.0,45.702538,4.871473
143,Darmstadt,Hessen,de,139757.0,49.870556,8.649444
186,Andria,Barletta-Andria-Trani,it,93819.0,41.216667,16.283333
187,Mascalucia,Catania,it,27703.0,37.566666999999995,15.05
188,Acireale,Catania,it,51967.0,37.616667,15.166667000000002
190,Torrelavega,Cantabria,es,56856.0,43.349435,-4.047852
198,Kornwestheim,Baden-Württemberg,de,30756.0,48.866667,9.183333
199,Harjavalta,Satakunda,fi,7572.0,61.316667,22.133333
207,Limassol,Lemesos,cy,,34.675,33.033333299999995
208,Vallentuna,Stockholms län,se,26733.0,59.533333,18.083333
209,Lat Krabang,Krung Thep Maha Nakhon,th,,13.723414000000002,100.78436500000001
210,Khlong Sam Wa,Krung Thep Maha Nakhon,th,,13.836164000000002,100.735239
211,Burzaco,Buenos Aires,ar,,-34.827206,-58.395044999999996
212,Valkeakoski,Birkaland,fi,20376.0,61.266667000000005,24.033333
214,Bloemfontein,Foreisetata,za,463084.0,-29.121065,26.214002999999998
215,Germiston,Gauteng,za,,-26.234806,28.176654
216,Boksburg,Gauteng,za,445182.0,-26.214953,28.254732
217,Oudewater,Utrecht,nl,9755.0,52.025333,4.8658220000000005
218,Bergschenhoek,Zuid-Holland,nl,15080.0,51.987249,4.515815
219,Coslada,Madrid,es,85168.0,40.423776000000004,-3.561287
221,Ivanhoe East,Victoria,au,,-37.766667,145.05
224,Zirndorf,Bayern,de,25237.0,49.45,10.95
227,Alima,Cavite,ph,,14.457223,120.93403500000001
228,Altamura,Bari,it,66119.0,40.816666999999995,16.55
239,Luze,Chrudim,cz,2601.0,49.893878,16.029931
240,Greve,Sjælland,dk,,55.596631,12.249199
241,Tumba,Stockholms län,se,35780.0,59.2,17.816667000000002
242,Ramla,Central District,il,63837.0,31.925278000000002,34.866944000000004
243,Nahariya,Northern District,il,,33.005855,35.094087
245,Kiryat Gat,Southern District,il,,31.609981,34.764224
246,Lod,Central District,il,68095.0,31.951389000000002,34.895278000000005
249,Ashquelon,Southern District,il,,31.669256,34.571490000000004
250,Ness Ziona,Central District,il,,31.926389,34.803333
251,Hadera,Haifa,il,,32.436448999999996,34.919562
253,Ramat HaSharon,Tel Aviv,il,35556.0,32.147222,34.841667
254,Kfar Saba,Central District,il,,32.181667,34.935833
257,Bat Yam,Tel Aviv,il,130973.0,32.023056,34.750278
258,Hod HaSharon,Central District,il,42996.0,32.150833,34.888333
259,Rehovot,Central District,il,,31.896944,34.818611
261,Netanya,Central District,il,172405.0,32.332915,34.859918
262,Herzliya,Tel Aviv,il,,32.165833,34.836667
263,Rishon LeZiyyon,Central District,il,,31.964167,34.804444000000004
264,Holon,Tel Aviv,il,,32.011389,34.772222
265,Jerusalem,Jerusalem,il,714685.0,31.78,35.23
266,Ramat Gan,Tel Aviv,il,126864.0,32.080556,34.814167
267,Limoeiro do Norte,Ceará,br,29450.0,-5.133333,-38.083333
270,Langley,British Columbia,ca,,49.1,-122.65
271,Sindelfingen,Baden-Württemberg,de,61686.0,48.7,9.016667
272,Brantford,Ontario,ca,87761.0,43.133333,-80.266667
276,Hjørring,Nordjylland,dk,24634.0,57.466322999999996,9.988917
293,Le Mans,Sarthe,fr,147413.0,48.000386,0.204709
294,Sassari,Sassari,it,119187.0,40.727222,8.560278
298,Mayfair,Westminster,gb,,51.5,-0.15
302,Lindlar,Nordrhein-Westfalen,de,22752.0,51.016667,7.383333
304,Siegburg,Nordrhein-Westfalen,de,38818.0,50.8,7.2
308,Rio das Ostras,Rio de Janeiro,br,46619.0,-22.533333,-41.95
310,Belford Roxo,Rio de Janeiro,br,466101.0,-22.761995000000002,-43.404654
311,Bussum,Noord-Holland,nl,31430.0,52.2655,5.179356999999999
331,Gambang,Pahang,my,,3.7068,103.1002
333,Sintok,Kedah,my,,6.442335,100.523499
334,Bangi,Selangor,my,,2.9,101.783333
336,Bayan Lepas,Pulau Pinang,my,,5.299915,100.26051899999999
337,Rawang,Selangor,my,120484.0,3.3213,101.5767
338,Kampung Baharu Nilai,Negeri Sembilan,my,,2.8033,101.7972
343,Alor Star,Kedah,my,,6.121045,100.360137
345,Batu Caves,Selangor,my,,3.233333,101.666667
346,Skudai,Johor,my,,1.5333329999999992,103.666667
347,Sungai Buloh,Selangor,my,,3.2,101.583333
350,Malacca,Melaka,my,,2.1959999999999997,102.2405
351,Nivelles,Brabant wallon,be,24149.0,50.6,4.3333330000000005
359,Falkenberg,Hallands län,se,18407.0,56.898056000000004,12.501944
378,Poza Rica de Hidalgo,Veracruz de Ignacio de la Llave,mx,,20.55,-97.45
382,Zoumi,Chefchaouen,ma,,34.803211,-5.344581
383,Safi,Safi,ma,,32.299392,-9.237181
384,Sidi Kacem,Sidi Kacem,ma,,34.221493,-5.707749
385,Oued Zem,Khouribga,ma,,32.8627,-6.573589999999999
386,Khemisset,Khemisset,ma,,33.824034999999995,-6.066268
388,Berrechid,Settat,ma,,33.265527,-7.587536999999999
391,Quedlinburg,Sachsen-Anhalt,de,23057.0,51.783333,11.15
396,Talagante,Región Metropolitana de Santiago,cl,51763.0,-33.666667,-70.93333299999999
397,Chiguayante,Biobío,cl,82545.0,-36.916667,-73.016667
398,Torrelodones,Madrid,es,17214.0,40.574659999999994,-3.925302
399,Talavera de la Reina,Toledo,es,82704.0,39.963485,-4.830759
400,San Sebastián de los Reyes,Madrid,es,69954.0,40.550535,-3.6260519999999996
401,Boadilla del Monte,Madrid,es,30354.0,40.402784000000004,-3.8756230000000005
402,Majadahonda,Madrid,es,56060.0,40.4717,-3.869450999999999
403,Pozuelo de Alarcón,Madrid,es,83173.0,40.432931,-3.813374999999999
404,Kauhajoki,Etelä-Pohjanmaa,fi,14526.0,62.433333,22.183332999999998
405,Zaandam,Noord-Holland,nl,,52.439266,4.810557
406,Spijkenisse,Zuid-Holland,nl,78642.0,51.841105,4.315098
411,Reseda,California,us,,34.201111100000006,-118.53555559999998
412,Nové Mesto nad Váhom,Trenčiansky kraj,sk,,48.75,17.8333333
414,Námestovo,Žilinský kraj,sk,8135.0,49.4,19.5
416,Púchov,Trenčiansky kraj,sk,18833.0,49.1333333,18.3333333
418,Dolný Kubín,Žilinský kraj,sk,20401.0,49.2,19.3
422,Langhus,Viken,no,,59.75,10.84
446,Elverum,Innlandet,no,12585.0,60.88333299999999,11.566667
447,Lillestrøm,Viken,no,,59.95,11.083333
448,Ski,Viken,no,,59.716667,10.833333
452,Coatzacoalcos,Veracruz de Ignacio de la Llave,mx,230727.0,18.15,-94.416667
453,Indaiatuba,São Paulo,br,179914.0,-23.083333,-47.233333
459,Solan,Himachal Pradesh,in,,30.916666999999997,77.116667
462,Mogi das Cruzes,São Paulo,br,,-23.516667,-46.183333000000005
463,Diadema,São Paulo,br,390641.0,-23.7,-46.616667
464,La Courneuve,Seine-Saint-Denis,fr,35862.0,48.92805,2.396273
465,Les Pavillons-sous-Bois,Seine-Saint-Denis,fr,19309.0,48.90683,2.506483
466,Etterbeek,Brussels Hoofdstedelijk Gewest,be,,50.833333,4.383333
482,Mount Waverley,Victoria,au,,-37.883333,145.133333
483,Leichhardt,New South Wales,au,,-33.883333,151.15
484,Doonside,New South Wales,au,,-33.766667,150.866667
487,Kellokoski,Nyland,fi,,60.55,25.1
495,Orléans,Loiret,fr,118190.0,47.902891,1.9038869999999999
496,Nîmes,Gard,fr,137532.0,43.833778,4.359623
497,Reims,Marne,fr,192688.0,49.25,4.033333
498,Bolton,Ontario,ca,21709.0,43.883333,-79.733333
510,Heerhugowaard,Noord-Holland,nl,51004.0,52.663987,4.827289
511,Zwijndrecht,Zuid-Holland,nl,41148.0,51.816684,4.61763
512,Brønderslev,Nordjylland,dk,11671.0,57.265112,9.959859
515,Dong Nai,Hà Tĩnh,vn,,18.1,106.33333300000001
516,Soc Trang,Sóc Trăng,vn,114462.0,9.603333000000001,105.98
524,Hung Yen,Hưng Yên,vn,,20.65,106.066667
525,Bac Giang,Bắc Giang,vn,53732.0,21.266667,106.2
526,Quang Nam,Quảng Nam,vn,,15.885832999999998,108.25694399999999
527,Thu Dau Mot,Bình Dương,vn,,10.966667,106.65
528,Qui Nhon,Bình Định,vn,210346.0,13.766667000000002,109.233333
529,Buon Ma Thuot,Đắk Lắk,vn,,12.666667,108.05
532,Da Lat,Lâm Ðồng,vn,131382.0,11.933333,108.41666699999999
533,Bac Ninh,Bắc Ninh,vn,43564.0,21.183332999999998,106.05
534,Hai Duong,Hải Dương,vn,58035.0,20.933332999999998,106.316667
542,Can Tho,Can Tho,vn,259608.0,10.033333,105.78333300000001
543,Haiphong,Hai Phong,vn,,20.856111,106.682222
550,Namur,Namur,be,106284.0,50.466667,4.866667
554,Burgdorf,Bern,ch,14943.0,47.058495,7.622139
555,Noreaz,Freiburg,ch,,46.803262,7.026722
556,Aarwangen,Bern,ch,,47.238533000000004,7.770042
557,Neuchatel,Neuchâtel,ch,31216.0,46.993089000000005,6.93005
558,Romanel-sur-Lausanne,Vaud,ch,,46.566666,6.604528
559,Pully,Vaud,ch,16640.0,46.510544,6.656071000000001
560,Waalwijk,Noord-Brabant,nl,46197.0,51.685764,5.072072
561,Gorinchem,Zuid-Holland,nl,35730.0,51.82965,4.973111
562,Venlo,Limburg,nl,91783.0,51.370837,6.175101000000001
563,Veghel,Noord-Brabant,nl,37273.0,51.618548,5.550439
564,Rosmalen,Noord-Brabant,nl,,51.716667,5.366667
570,Tralee,Ciarraí,ie,22941.0,52.2666667,-9.7166667
571,Wexford,Loch Garman,ie,17708.0,52.334166700000004,-6.4575
574,Athlone,An Iarmhí,ie,15951.0,53.42277779999999,-7.937222200000001
575,Kildare,Cill Dara,ie,6380.0,53.156111100000004,-6.914444400000001
576,Armagh,"Armagh City, Banbridge and Craigavon",gb,,54.333332999999996,-6.5
577,Waterford,Port Láirge,ie,47904.0,52.2583333,-7.1119444000000005
578,Nenagh,Tiobraid Árann,ie,6672.0,52.8619444,-8.1966667
579,Sligo,Sligeach,ie,20228.0,54.2666667,-8.483333300000002
583,Dundalk,Louth,ie,33428.0,54.0,-6.4166667
584,Navan,An Mhí,ie,24545.0,53.652777799999996,-6.681388900000001
585,Londonderry,Northern Ireland,gb,86312.0,55.0,-7.25
586,Kilkenny,Cill Chainnigh,ie,21589.0,52.654166700000005,-7.252222200000001
592,Egersund,Rogaland,no,9547.0,58.45,6.0
597,Bryne,Rogaland,no,,58.733332999999995,5.65
598,Levanger,Trøndelag,no,8304.0,63.75,11.3
599,Brumunddal,Innlandet,no,8385.0,60.88333299999999,10.933333
601,Nesttun,Vestland,no,,60.317221999999994,5.3580559999999995
602,Kongsberg,Viken,no,17849.0,59.65,9.65
603,Strommen,Viken,no,,67.233333,14.633332999999999
606,Eidsvoll,Viken,no,3432.0,60.316667,11.233333
607,Jessheim,Viken,no,12245.0,60.15,11.183333
609,Notodden,Vestfold,no,8306.0,59.566667,9.283333
610,Kristiansund,Møre og Romsdal,no,16904.0,63.11666700000001,7.75
611,Steinkjer,Trøndelag,no,11198.0,64.016667,11.5
612,Harstad,Finnmark,no,19574.0,68.8025,16.545556
613,Horten,Vestfold,no,17876.0,59.413610999999996,10.466944
614,Raufoss,Innlandet,no,6071.0,60.716667,10.616667
616,Halden,Viken,no,22029.0,59.15,11.383333
617,Arendal,Agder,no,,58.460278,8.766667
618,Larvik,Vestfold,no,23222.0,59.066667,10.0
619,Moss,Viken,no,,59.43666700000001,10.669167
620,Porsgrunn,Vestfold,no,,59.15,9.666667
624,Nogent-sur-Marne,Val-de-Marne,fr,30453.0,48.838814,2.478642
625,Rosny-sous-Bois,Seine-Saint-Denis,fr,40571.0,48.870172,2.499104
630,Cergy,Val-d'Oise,fr,60288.0,49.036448,2.076133
631,Spruce Grove,Alberta,ca,17767.0,53.533333,-113.91666699999999
632,Las Rozas de Madrid,Madrid,es,70110.0,40.492113,-3.871271
633,Winterthur,Zürich,ch,91368.0,47.500035,8.7251
634,Villingen-Schwenningen,Baden-Württemberg,de,82286.0,48.066666999999995,8.45
635,Reutlingen,Baden-Württemberg,de,113625.0,48.483333,9.216667
636,Carpi,Modena,it,63336.0,44.783333,10.883333
637,Ravenna,Ravenna,it,143396.0,44.4175,12.201111000000001
640,Oetwil am See,Zürich,ch,,47.271364,8.720866000000001
641,Mairena del Aljarafe,Sevilla,es,36774.0,37.344609999999996,-6.063912999999999
644,Cáceres,Cáceres,es,90938.0,39.481877000000004,-6.373222
645,Sagamihara,Kanagawa,jp,648811.0,35.553056,139.354444
646,Torredembarra,Tarragona,es,,41.146003,1.4002139999999998
651,Rubí,Barcelona,es,66084.0,41.492256,2.0330470000000003
652,El Vendrell,Tarragona,es,26947.0,41.220468,1.5336539999999992
657,Martorell,Barcelona,es,24877.0,41.47402,1.93062
659,Mollet del Vallès,Barcelona,es,51077.0,41.538292999999996,2.212456
660,Valls,Tarragona,es,22961.0,41.286117,1.249929
663,Olot,Girona,es,31901.0,42.181691,2.4847599999999996
664,Igualada,Barcelona,es,35711.0,41.580977000000004,1.6172
666,Vic,Barcelona,es,35337.0,41.929334999999995,2.255497
672,Brunswick East,Victoria,au,,-37.783333,144.966667
673,Jena,Thüringen,de,99269.0,50.933333000000005,11.583333
674,Ulricehamn,Västra Götalands län,se,,57.783333,13.416667000000002
675,Mariestad,Västra Götalands län,se,14891.0,58.7,13.816667
676,Örnsköldsvik,Västernorrlands län,se,27749.0,63.3,18.716667
677,Falköping,Västra Götalands län,se,15054.0,58.166667000000004,13.55
680,Arucas,Las Palmas,es,35344.0,28.115992,-15.518723999999999
682,Ferrol,A Coruña,es,78689.0,43.483213,-8.236892999999998
687,Telde,Las Palmas,es,95503.0,27.992425,-15.419153
688,San Cristóbal de La Laguna,Santa Cruz de Tenerife,es,,28.485297999999997,-16.320142
689,Lugo,Lugo,es,85450.0,43.013813,-7.558542999999999
690,Tarvasjoki,Egentliga Finland,fi,,60.583332999999996,22.733333
709,Gravataí,Rio Grande do Sul,br,238782.0,-29.9426,-50.9933
713,Playa del Carmen,Quintana Roo,mx,54346.0,20.616667,-87.06666700000001
714,Itaquaquecetuba,São Paulo,br,336686.0,-23.483333,-46.35
715,Mariano Roque Alonso,Central,py,72023.0,-25.166667,-57.55
716,Luque,Central,py,209836.0,-25.266667,-57.566667
717,Fernando de la Mora,Central,py,120180.0,-25.316667000000002,-57.6
718,Lambaré,Central,py,126391.0,-25.35,-57.65
719,Capiatá,Central,py,198801.0,-25.35,-57.416667000000004
720,Cham,Bayern,de,17393.0,49.225556,12.663611
721,Weiz,Steiermark,at,9128.0,47.216667,15.616667000000001
722,Erding,Bayern,de,32377.0,48.3,11.933333
723,Vilshofen,Bayern,de,16800.0,48.633333,13.183333
724,Ried im Innkreis,Oberösterreich,at,,48.216667,13.5
725,Kottingbrunn,Niederösterreich,at,7184.0,47.95,16.216667
726,Grafenau,Bayern,de,9180.0,48.85,13.4
727,Straubing,Bayern,de,44504.0,48.883333,12.566667
728,Traun,Oberösterreich,at,23959.0,48.216667,14.233332999999998
729,Passau,Bayern,de,51091.0,48.583333,13.483332999999998
730,Deggendorf,Bayern,de,31146.0,48.833333,12.966667
731,Ingolstadt,Bayern,de,120598.0,48.766667,11.433333
732,Traunstein,Bayern,de,18275.0,47.883333,12.65
735,Regensburg,Bayern,de,,49.015,12.095556
736,Landshut,Bayern,de,61131.0,48.533333,12.15
737,Aubervilliers,Seine-Saint-Denis,fr,,48.916667,2.3833330000000004
738,Leonding,Oberösterreich,at,22736.0,48.266667,14.25
741,Hauzenberg,Bayern,de,12471.0,48.65,13.633332999999999
743,Wels,Oberösterreich,at,57947.0,48.166667,14.033332999999999
744,Bruck an der Mur,Steiermark,at,13254.0,47.416667,15.283332999999999
748,Santa Clara de Olimar,Treinta y Tres,uy,,-32.9166667,-54.966666700000005
749,Centro,Montevideo,uy,,-34.9052778,-56.1944444
750,San Carlos,Maldonado,uy,27613.0,-34.8,-54.9166667
760,Bentleigh East,Victoria,au,,-37.916667,145.066667
773,Ylöjärvi,Birkaland,fi,22140.0,61.55,23.6
774,Sandefjord,Vestfold,no,,59.13333299999999,10.233333
775,Asker,Viken,no,,59.833332999999996,10.433333
776,Braunschweig,Niedersachsen,de,,52.266667,10.533333
777,Mohammedia,Mohammadia,ma,,33.706589,-7.394424000000001
778,Temara,Skhirate-Témara,ma,,33.928664000000005,-6.906563
783,Settat,Settat,ma,,33.000703,-7.620350999999999
784,Beni Mellal,Beni Mellal,ma,,32.337251,-6.349835
794,Tecamac,México,mx,15244.0,19.733333,-98.966667
795,Iztacalco,Ciudad de México,mx,,19.396667,-99.084722
796,Nummela,Nyland,fi,,60.333332999999996,24.333333
797,Okinawa,Okinawa,jp,125485.0,26.335833,127.80138899999999
799,Mislata,Valencia,es,43287.0,39.466667,-0.41666699999999895
800,Veldhoven,Noord-Brabant,nl,43615.0,51.416667,5.4166669999999995
802,Brest,Finistère,fr,150554.0,48.390756,-4.486165
803,Tlaquepaque,Jalisco,mx,493667.0,20.65,-103.31666700000001
808,Leganés,Madrid,es,192000.0,40.326946,-3.760422
809,Dronten,Flevoland,nl,39509.0,52.522718999999995,5.71876
810,Saint-Bruno-de-Montarville,Quebec,ca,,45.533333,-73.35
813,Chambly,Quebec,ca,,45.45,-73.3
816,Saint-Hyacinthe,Quebec,ca,50327.0,45.633333,-72.93333299999999
817,Joliette,Quebec,ca,34772.0,46.033333,-73.43333299999999
818,Beloeil,Quebec,ca,43016.0,45.566666999999995,-73.2
820,Victoriaville,Quebec,ca,34426.0,46.05,-71.966667
822,Rimouski,Quebec,ca,38420.0,48.433333000000005,-68.516667
823,Chicoutimi,Quebec,ca,,48.433333000000005,-71.06666700000001
824,Drummondville,Quebec,ca,59489.0,45.883333,-72.483333
825,Blainville,Quebec,ca,,45.673,-73.88
826,Repentigny,Quebec,ca,,45.733333,-73.45
827,Boucherville,Quebec,ca,,45.6,-73.45
829,Granby,Quebec,ca,53979.0,45.383333,-72.733333
830,Saint-Eustache,Quebec,ca,,45.566666999999995,-73.9
832,Hall in Tirol,Tirol,at,,47.283333,11.516667
835,Hubli,Karnataka,in,840285.0,15.35,75.166667
863,Tula de Allende,Hidalgo,mx,27678.0,20.05,-99.35
864,Boulogne,Buenos Aires,ar,,-34.507324,-58.565812
865,Tigre,Buenos Aires,ar,,-34.419609,-58.593906999999994
866,Olivos,Buenos Aires,ar,,-34.507469,-58.487025
867,Martinez,Buenos Aires,ar,,-34.489924,-58.511067000000004
878,Alcorcón,Madrid,es,169343.0,40.346467,-3.812453
879,Pontevedra,Pontevedra,es,77595.0,42.433333000000005,-8.633333
887,Durango,Bizkaia*,es,24953.0,43.171234999999996,-2.633795
889,Guadalajara,Guadalajara,es,79616.0,40.628621,-3.161849
890,Palencia,Palencia,es,77438.0,42.009552,-4.524063
891,Providencia,Región Metropolitana de Santiago,cl,,-33.433333000000005,-70.616667
895,Port Coquitlam,British Columbia,ca,,49.266667,-122.78333300000001
896,Rocky Mountain House,Alberta,ca,6527.0,52.366667,-114.91666699999999
897,Toyonaka,Osaka,jp,384463.0,34.783333,135.466667
898,Moron,Buenos Aires,ar,,-34.653436,-58.619751
910,Pickering,Ontario,ca,,43.866667,-79.033333
911,Newmarket,Ontario,ca,,44.05,-79.45
913,Whitby,Ontario,ca,,43.866667,-78.93333299999999
914,Thornhill,Ontario,ca,,43.8,-79.416667
915,Guelph,Ontario,ca,115763.0,43.55,-80.25
917,Oakville,Ontario,ca,,43.433333000000005,-79.666667
918,Ajax,Ontario,ca,,43.85,-79.016667
919,Woodbridge,Ontario,ca,,43.783333,-79.6
920,Dundas,Ontario,ca,,43.266667,-79.93333299999999
923,Maple,Ontario,ca,,43.8666667,-79.5
925,Markham,Ontario,ca,,43.866667,-79.266667
926,Weiterstadt,Hessen,de,24499.0,49.907778,8.595278
948,Hella,Suðurland,is,694.0,63.833332999999996,-20.4
950,Stykkishólmur,Vesturland,is,1059.0,65.06666700000001,-22.733333
952,Hveragerdi,Suðurland,is,,64.0,-21.2
955,Borgarnes,Vesturland,is,1783.0,64.533333,-21.916667
960,Vestmannaeyjar,Suðurland,is,4203.0,63.365,-20.2075
964,Akranes,Vesturland,is,5606.0,64.31666700000001,-22.1
967,Selfoss,Suðurland,is,5396.0,63.933333,-21.0
969,Akureyri,Norðurland eystra,is,16563.0,65.666667,-18.1
972,Delaware City,Delaware,us,,39.5777778,-75.5891667
981,Holstebro,Midtjylland,dk,32072.0,56.359471,8.620799
982,Sønderborg,Syddanmark,dk,27033.0,54.910633999999995,9.792843
983,Wainuiomata,Wellington,nz,,-41.266667,174.95
985,Havelock North,Hawke's Bay,nz,,-39.666667,176.883333
987,Queenstown,Otago,nz,,-45.01,168.4
989,Otaki,Wellington,nz,6086.0,-40.758333,175.15
990,Wanganui,Manawatu-Wanganui,nz,40269.0,-39.933333000000005,175.05
991,Swansea,Swansea,gb,170885.0,51.633333,-3.9666669999999997
992,Ludwigshafen am Rhein,Rheinland-Pfalz,de,,49.481111,8.435278
993,Balwyn North,Victoria,au,,-37.8,145.066667
994,North Vancouver,British Columbia,ca,,49.316666999999995,-123.066667
1007,Visby,Gotlands län,se,21970.0,57.63333299999999,18.3
1009,Londonderry,Derry City and Strabane,gb,86312.0,55.0,-7.25
1010,Craigavon,"Armagh City, Banbridge and Craigavon",gb,,54.466667,-6.4166669999999995
1012,Letterkenny,Donegal,ie,16903.0,54.95,-7.7333333
1013,Forssa,Egentliga Tavastland,fi,17852.0,60.816667,23.633333
1014,Vaajakoski,Keski-Suomi,fi,,62.266667000000005,25.9
1021,Turenki,Egentliga Tavastland,fi,,60.916667000000004,24.633333
1022,Si Sa Ket,Si Sa Ket,th,44751.0,15.114806,104.32938
1023,Prathai,Nakhon Ratchasima,th,,15.416667000000002,102.9
1024,Legnano,Milano,it,57996.0,45.6,8.9
1031,Ananindeua,Pará,br,433956.0,-1.366667,-48.383333
1033,Santa Cruz de Tenerife,Santa Cruz de Tenerife,es,193852.0,28.460238,-16.280616000000002
1039,Portici,,it,55775.0,40.816666999999995,14.333332999999998
1040,Avellino,Avellino,it,52466.0,40.9,14.783332999999999
1041,Frattamaggiore,,it,31251.0,40.95,14.266667000000002
1042,Angri,Salerno,it,29745.0,40.733333,14.566667
1043,Nocera Superiore,Salerno,it,22898.0,40.733333,14.666667000000002
1044,Sarno,Salerno,it,31278.0,40.816666999999995,14.616667000000001
1047,Mugnano di Napoli,,it,32847.0,40.916667,14.2
1048,Nocera Inferiore,Salerno,it,48798.0,40.733333,14.633332999999999
1049,Torre del Greco,,it,88006.0,40.783333,14.366667000000001
1050,Ottaviano,,it,23161.0,40.85,14.466667000000001
1051,San Giuseppe Vesuviano,,it,22551.0,40.833333,14.5
1052,Pomigliano d'Arco,,it,,40.9,14.383332999999999
1053,Sant'Anastasia,,it,,40.866667,14.4
1054,Bardejov,Prešovský kraj,sk,34209.0,49.283333299999995,21.283333300000002
1056,Nové Zámky,Nitriansky kraj,sk,42044.0,47.9833333,18.1666667
1057,Hronsek,Banskobystrický kraj,sk,,48.65,19.15
1058,Senec,Bratislavský kraj,sk,14673.0,48.216666700000005,17.4
1065,Cabrero,Biobío,cl,18327.0,-37.033333,-72.4
1066,Hässleholm,Skåne län,se,17050.0,56.15,13.766667000000002
1067,Skövde,Västra Götalands län,se,32639.0,58.4,13.85
1068,Hudiksvall,Gävleborgs län,se,14621.0,61.733332999999995,17.1125
1069,Ystad,Skåne län,se,17266.0,55.416667000000004,13.816667
1072,Kulai,Johor,my,63765.0,1.6561,103.6032
1073,Tourcoing,Nord,fr,93835.0,50.723907000000004,3.161168
1074,Clonmel,Tiobraid Árann,ie,17394.0,52.355,-7.703888900000001
1077,Versailles,Yvelines,fr,85134.0,48.803593,2.134236
1078,Nanterre,Hauts-de-Seine,fr,84448.0,48.891373,2.20027
1080,Loughborough,Leicestershire,gb,59317.0,52.766667000000005,-1.2
1081,Wemmel,Vlaams-Brabant,be,14406.0,50.916667,4.3
1085,Saint-Josse-ten-Noode,Brussels Hoofdstedelijk Gewest,be,,50.85,4.35
1086,Boom,Antwerpen,be,15810.0,51.083333,4.366667
1087,Grimbergen,Vlaams-Brabant,be,33561.0,50.933333000000005,4.383333
1088,Sint-Katelijne-Waver,Antwerpen,be,19487.0,51.066666999999995,4.533333
1089,Rumst,Antwerpen,be,14521.0,51.083333,4.4166669999999995
1090,Niel,Antwerpen,be,8656.0,51.116667,4.3333330000000005
1091,Droichead Nua,Cill Dara,ie,,53.1819444,-6.7966667
1093,Damanhur,Al Buḩayrah,eg,,27.383333299999997,30.95
1094,Banha,Al Qalyūbīyah,eg,,30.460833299999997,31.1875
1095,Assiut,Asyūţ,eg,,27.1827778,31.1827778
1096,Ismailia,Al Ismā'īlīyah,eg,284851.0,30.5833333,32.2666667
1097,Tabuk,Tabūk,sa,355469.0,28.399804,36.571505
1098,Zagazig,Ash Sharqīyah,eg,,30.5913889,31.5102778
1099,Khobar,Ash Sharqīyah,sa,,26.279444,50.208333
1100,Buraidah,Al Qaşīm,sa,,26.325986,43.974965999999995
1101,Makkah,Makkah al Mukarramah,sa,,21.426667000000002,39.826111
1104,Caivano,,it,36860.0,40.95,14.3
1107,Kvinesdal,Agder,no,,58.316667,6.95
1108,Naustdal,Vestland,no,1055.0,61.516667000000005,5.716667
1109,Kopervik,Rogaland,no,6465.0,59.283333,5.3
1110,Tiel,Gelderland,nl,43643.0,51.889251,5.442648999999999
1111,Hilden,Nordrhein-Westfalen,de,57036.0,51.166667,6.933333
1133,Amagasaki,Hyogo,jp,442176.0,34.716667,135.416667
1134,Himeji,Hyogo,jp,481496.0,34.816666999999995,134.7
1140,Vlaardingen,Zuid-Holland,nl,74210.0,51.921038,4.321877
1141,Kolltveit,Vestland,no,,60.355,5.0875
1150,Gütersloh,Nordrhein-Westfalen,de,96332.0,51.9,8.383333
1153,Naas,Cill Dara,ie,20554.0,53.2158333,-6.6669444
1154,Enfield,An Mhí,ie,,53.4183333,-6.835277799999999
1155,Asperg,Baden-Württemberg,de,12627.0,48.9,9.116667
1178,Caulfield South,Victoria,au,,-37.883333,145.033333
1185,Cologno Monzese,Milano,it,47871.0,45.533333,9.283333
1186,Crema,Cremona,it,34359.0,45.366667,9.683333
1187,Betim,Minas Gerais,br,384038.0,-19.966667,-44.216667
1188,Mulhouse,Haut-Rhin,fr,111972.0,47.738082,7.347932000000001
1189,Clichy,Hauts-de-Seine,fr,50908.0,48.90018,2.309525
1192,Laagri,Harjumaa,ee,4135.0,59.351388899999996,24.5988889
1193,Tabasalu,Harjumaa,ee,2166.0,59.43027779999999,24.5330556
1194,Jüri,Harjumaa,ee,2581.0,59.3541667,24.8941667
1195,Elva,Tartumaa,ee,5820.0,58.2225,26.421111100000005
1198,Keila,Harjumaa,ee,9411.0,59.303611100000005,24.4130556
1199,Viimsi,Harjumaa,ee,1740.0,59.4966667,24.8422222
1214,Lo Barnechea,Región Metropolitana de Santiago,cl,,-33.35,-70.516667
1215,Hemel Hempstead,Hertfordshire,gb,85630.0,51.75,-0.466667
1228,Jose Leon Suarez,Buenos Aires,ar,,-34.53396,-58.570170999999995
1229,Sinsacate,Córdoba,ar,,-30.943996000000002,-64.088107
1230,Villa Allende,Córdoba,ar,,-31.294582000000002,-64.295384
1231,Paterna,Valencia,es,50148.0,39.5,-0.43333299999999897
1232,Alcoy,Alacant*,es,,38.705446,-0.47432399999999897
1233,Castelldefels,Barcelona,es,50167.0,41.277658,1.9687549999999991
1239,Granollers,Barcelona,es,57382.0,41.607816,2.289721
1240,Bentleigh,Victoria,au,,-37.916667,145.05
1241,Herlev,Hovedstaden,dk,,55.72351999999999,12.440375999999999
1244,Znojmo,Jihomoravský kraj,cz,35791.0,48.856116,16.056411999999998
1247,Orlova,Karviná,cz,34938.0,49.860351,18.444873
1256,Vsetin,Vsetín,cz,29302.0,49.341899,17.983582000000002
1257,Heinsberg,Nordrhein-Westfalen,de,42409.0,51.066666999999995,6.0833330000000005
1258,Toorak,Victoria,au,,-37.85,145.01666699999998
1259,Collingwood,Victoria,au,,-37.8,144.98333300000002
1263,Dornbirn,Vorarlberg,at,43013.0,47.416667,9.733056
1264,Kolbermoor,Bayern,de,18488.0,47.85,12.066667
1265,Kronstorf,Oberösterreich,at,,48.133333,14.45
1268,Feldkirch,Vorarlberg,at,29446.0,47.233056,9.6
1270,Steyr,Oberösterreich,at,39567.0,48.05,14.416667000000002
1271,Manama,Al Manāmah,bh,147097.0,26.236111100000002,50.5830556
1272,Dammam,Ash Sharqīyah,sa,,26.434417,50.103263
1273,Verviers,Liège,be,52824.0,50.583333,5.866667
1274,Braine-l'Alleud,Brabant wallon,be,,50.683333000000005,4.366667
1275,Esneux,Liège,be,13497.0,50.533333,5.566667
1276,La Louvière,Hainaut,be,76668.0,50.466667,4.183333
1277,Bergen op Zoom,Noord-Brabant,nl,67641.0,51.494492,4.2835090000000005
1280,Dimapur,Nagaland,in,135866.0,25.9,93.733333
1281,Shillong,Meghalaya,in,132853.0,25.575556,91.873056
1282,Pandu,Assam,in,,26.169167,91.675
1285,Doetinchem,Gelderland,nl,51907.0,51.966667,6.3
1286,Pagani,Salerno,it,32580.0,40.75,14.616667000000001
1287,Harelbeke,West-Vlaanderen,be,25978.0,50.85,3.3
1288,Deinze,Oost-Vlaanderen,be,27777.0,50.983333,3.5333330000000003
1289,Sint-Truiden,Limburg,be,37859.0,50.8,5.2
1292,Waregem,West-Vlaanderen,be,35896.0,50.883333,3.416667
1293,Genk,Limburg,be,63666.0,50.966667,5.5
1295,Szigethalom,Pest,hu,13092.0,47.322283,19.002622
1301,Esztergom,Komárom-Esztergom,hu,28785.0,47.7928,18.741476000000002
1302,Gyomro,Pest,hu,14155.0,47.427327000000005,19.401332999999997
1303,Dunaújváros,Fejér,hu,53396.0,46.980651,18.932674
1304,Mosonmagyaróvár,Győr-Moson-Sopron,hu,30359.0,47.867885,17.269935
1305,Dunakeszi,Pest,hu,30246.0,47.636404999999996,19.13864
1306,Sopron,Győr-Moson-Sopron,hu,55623.0,47.683333000000005,16.6
1307,Szentendre,Pest,hu,23606.0,47.664712,19.068063000000002
1311,Érd,Pest,hu,59242.0,47.394886,18.913605
1312,Wrexham,Wrexham,gb,43650.0,53.05,-3.0
1313,Mansfield,Nottinghamshire,gb,70447.0,53.13333299999999,-1.2
1339,Nuevo Laredo,Nuevo León,mx,349562.0,27.5,-99.516667
1342,Sola,Rogaland,no,,58.88333299999999,5.6
1343,Nelspruit,iMpumalanga,za,110170.0,-25.474482000000002,30.970333
1344,Centurion,Gauteng,za,,-25.840795,28.176102
1353,Turramurra,New South Wales,au,,-33.733333,151.133333
1354,Rhodes,New South Wales,au,,-33.833333,151.083333
1355,Mosman,New South Wales,au,,-33.827778,151.23333300000002
1356,Liverpool,New South Wales,au,,-33.9,150.933333
1357,Dunfermline,Fife,gb,38961.0,56.083332999999996,-3.4666669999999997
1365,Lahela,Nyland,fi,,60.386389,24.983889
1366,Manresa,Barcelona,es,69134.0,41.726337,1.825837
1367,Reus,Tarragona,es,97508.0,41.155913,1.107423
1368,Mataró,Barcelona,es,114923.0,41.542113,2.444503
1369,Ørsta,Møre og Romsdal,no,6425.0,62.2,6.15
1370,Bad Gottleuba,Sachsen,de,,50.85,13.95
1371,Foggia,Foggia,it,143826.0,41.45,15.566667
1372,San Giorgio a Cremano,,it,50887.0,40.833333,14.333332999999998
1373,Acerra,,it,46729.0,40.95,14.366667000000001
1374,Giugliano in Campania,,it,107680.0,40.933333000000005,14.2
1375,Casalnuovo di Napoli,,it,52709.0,40.916667,14.333332999999998
1376,Castellammare di Stabia,,it,66944.0,40.7,14.483332999999998
1377,Somma Vesuviana,,it,35196.0,40.866667,14.433333
1378,Afragola,,it,59416.0,40.916667,14.3
1379,Casoria,,it,78629.0,40.9,14.283332999999999
1380,Gniezno,Wielkopolskie,pl,70269.0,52.53944,17.611262
1381,Joinville-le-Pont,Val-de-Marne,fr,17542.0,48.825379999999996,2.474576
1382,Suita,Osaka,jp,351634.0,34.75,135.533333
1388,Skanderborg,Midtjylland,dk,13543.0,56.031296,9.931704
1389,Tafi Viejo,Tucumán,ar,,-26.732014000000003,-65.259209
1392,Rochlitz,Sachsen,de,,51.05,12.8
1394,Chappaqua,New York,us,,41.1594444,-73.76527779999999
1396,Khouribga,Khouribga,ma,,32.881083000000004,-6.906303
1398,Haz-Zebbug,Żebbuġ Malta,mt,,35.871944,14.441111
1400,Zabbar,Żabbar,mt,15030.0,35.876111,14.535
1401,Victoria,Rabat Gozo,mt,,36.044444,14.239722
1402,Gzira,Gżira,mt,7513.0,35.905833,14.488056
1403,Hamrun,Ħamrun,mt,10680.0,35.884722,14.484444
1405,Tarxien,Ta’ Xbiex,mt,7761.0,35.865833,14.515
1407,Dietzenbach,Hessen,de,32975.0,50.016667,8.783333
1408,Olongapo City,Sambales,ph,,14.8373,120.2868
1412,Lucena City,Keson,ph,,13.9348,121.6127
1413,Lempäälä,Birkaland,fi,18096.0,61.316667,23.75
1414,Seelze,Niedersachsen,de,33224.0,52.4,9.6
1416,Chiclana de la Frontera,Cádiz,es,,36.421075,-6.148614
1417,Rajahmundry,Andhra Pradesh,in,,16.983333,81.783333
1419,Dengkil,Selangor,my,,2.86,101.6806
1437,Vinstra,Innlandet,no,2467.0,61.6,9.75
1438,Stathelle,Vestfold,no,,59.05,9.683333
1439,Flekkefjord,Agder,no,5707.0,58.283333,6.683333
1450,Soacha,Cundinamarca,co,313950.0,4.579368,-74.216819
1470,Lens,Pas-de-Calais,fr,36979.0,50.431178,2.833212999999999
1479,Volendam,Noord-Holland,nl,,52.497108999999995,5.074466999999999
1480,Gisborne,Gisborne District,nz,34274.0,-38.653333,178.004167
1481,Hastings,Hawke's Bay,nz,61696.0,-39.65,176.833333
1482,Nelson,Nelson City,nz,60481.0,-41.283333,173.283333
1483,Napier City,Hawke's Bay,nz,,-39.483333,176.916667
1484,Weesp,Noord-Holland,nl,17833.0,52.30773,5.039749
1488,Corinth,Korinthía,gr,,37.9377778,22.9322222
1491,Corfu,Kérkyra,gr,,39.62,19.9197222
1495,Chalcis,Évvoia,gr,,38.4636111,23.5994444
1498,Larnaca,Larnaka,cy,48954.0,34.9166667,33.6291667
1500,Pátrai,Achaḯa,gr,163361.0,38.2444444,21.734444399999997
1501,Heraklion,Irakleío,gr,,35.325,25.1305556
1502,Heerlen,Limburg,nl,93518.0,50.882832,5.962319
1503,Magdeburg,Sachsen-Anhalt,de,224428.0,52.166667,11.666667
1506,Dartmouth,Nova Scotia,ca,,44.666667,-63.566667
1507,Rositz,Thüringen,de,,51.033333,12.366667
1508,Nossen,Sachsen,de,,51.05,13.3
1514,Teuchern,Sachsen-Anhalt,de,,51.116667,12.016667
1516,Brabrand,Midtjylland,dk,,56.151272,10.118557000000001
1518,Caserta,Caserta,it,78598.0,41.066666999999995,14.333332999999998
1520,Salaberry-de-Valleyfield,Quebec,ca,38662.0,45.25,-74.133333
1521,L'Assomption,Quebec,ca,,45.816666999999995,-73.43333299999999
1522,Val-d'Or,Quebec,ca,,48.116667,-77.766667
1523,Saint-Lambert,Quebec,ca,,45.483333,-73.5
1525,Mont-Tremblant,Quebec,ca,,46.2,-74.633333
1532,Saint-Sauveur,Quebec,ca,,45.9,-74.166667
1533,Magog,Quebec,ca,15550.0,45.266667,-72.15
1534,Shawinigan,Quebec,ca,49161.0,46.55,-72.733333
1535,Terrebonne,Quebec,ca,,45.683333000000005,-73.633333
1537,Trois-Rivières,Quebec,ca,119693.0,46.35,-72.55
1540,Laval,Quebec,ca,,45.6,-73.733333
1541,Epsom,Surrey,gb,,51.316666999999995,-0.266667
1542,Durham,Durham County,gb,45696.0,54.766667000000005,-1.5666669999999991
1543,Fulham,Hammersmith and Fulham,gb,,51.474365999999996,-0.215196
1544,West Malling,Kent,gb,,51.283333,0.41666699999999895
1545,High Wycombe,Buckinghamshire,gb,80357.0,51.633333,-0.766667
1548,Guildford,Surrey,gb,71873.0,51.216667,-0.566666999999999
1549,Bermondsey,Southwark,gb,,51.5,-0.066666999999999
1550,Heathfield,East Sussex,gb,,50.95,0.266667
1551,Sevenoaks,Kent,gb,27871.0,51.266667,0.2
1555,Cranbrook,Kent,gb,,51.083333,0.533333
1556,Royal Tunbridge Wells,Kent,gb,61075.0,51.133333,0.283333
1559,Oss,Noord-Brabant,nl,69965.0,51.766667,5.533333
1560,Marbella,Málaga,es,115484.0,36.510484999999996,-4.885745
1561,Algeciras,Cádiz,es,104766.0,36.133257,-5.450511
1562,Torremolinos,Málaga,es,49412.0,36.625085,-4.498327
1563,El Puerto de Santa María,Cádiz,es,78714.0,36.59952,-6.227507
1582,Upper Marlboro,Maryland,us,,38.8158333,-76.75
1587,West Rembo,National Capital Region,ph,,14.558,121.0613
1588,Marikina City,National Capital Region,ph,,14.6481,121.1133
1589,Envigado,Antioquia,co,163010.0,6.170643,-75.585307
1592,Erfurt,Thüringen,de,196719.0,50.983333,11.033333
1595,Villa Alemana,Valparaíso,cl,97320.0,-33.042221999999995,-71.373333
1596,Maipu,Región Metropolitana de Santiago,cl,,-33.516667,-70.766667
1597,Salaya,Nakhon Pathom,th,,13.801998999999999,100.321108
1598,Ban Bang Phli Nakhon,Samut Prakan,th,,13.608667,100.713722
1599,Khan Na Yao,Krung Thep Maha Nakhon,th,,13.826092000000001,100.679326
1600,Bang Klam,Songkhla,th,,7.089528,100.41075
1619,Ayutthaya,Phra Nakhon Si Ayutthaya,th,81962.0,14.351667,100.577389
1620,Bang Bua Thong,Nonthaburi,th,,13.9102,100.425814
1622,Khlong Luang,Pathum Thani,th,118551.0,14.064667000000002,100.645778
1623,Ban Phan Don,Udon Thani,th,,17.142722,102.972611
1624,Pattaya,Chon Buri,th,97296.0,12.933333,100.883333
1625,Thanyaburi,Pathum Thani,th,123382.0,14.021139000000002,100.73433399999999
1626,Bang Lamung,Chon Buri,th,39620.0,12.976278,100.914056
1630,Beniel,Murcia,es,,38.046358000000005,-1.002328
1631,Pirdop,Sofia,bg,7923.0,42.7,24.1833333
1659,Karvina,Karviná,cz,65441.0,49.856792,18.546907
1661,Leuven,Vlaams-Brabant,be,92892.0,50.883333,4.7
1663,Thebes,Voiotía,gr,,38.325,23.3188889
1668,Mytilene,Lésvos,gr,,39.11,26.5547222
1670,Ptolemaida,Kozáni,gr,,40.5147222,21.6786111
1684,Steenwijk,Overijssel,nl,42799.0,52.78565,6.137477
1687,Araraquara,São Paulo,br,185191.0,-21.783333,-48.166667
1688,Elda,Alacant*,es,60276.0,38.477827000000005,-0.791573
1689,Mount Cotton,Queensland,au,,-27.633333,153.23333300000002
1690,Strathpine,Queensland,au,,-27.283333000000002,153.0
1691,Albany Creek,Queensland,au,,-27.35,152.98333300000002
1692,Michalovce,Košický kraj,sk,40360.0,48.75,21.9333333
1693,Torrejón de Ardoz,Madrid,es,111998.0,40.455354,-3.4697339999999994
1709,Wild Rose,Wisconsin,us,,44.178611100000005,-89.24888890000001
1710,Wautoma,Wisconsin,us,,44.074722200000004,-89.28777779999999
1713,Roman,Neamţ,ro,67820.0,46.916667,26.916666999999997
1717,Odorheiu Secuiesc,Harghita,ro,36531.0,46.3,25.3
1718,Braila,Brăila,ro,213570.0,45.266667,27.983333000000002
1719,Valcea,Vâlcea,ro,,45.183333000000005,24.5
1720,Buzau,Buzău,ro,130955.0,45.15,26.833333000000003
1721,Botosani,Botoşani,ro,114784.0,47.75,26.666666999999997
1728,Bacau,Bacău,ro,171397.0,46.566666999999995,26.9
1730,Brasov,Braşov,ro,276089.0,45.633333,25.583333
1732,Bau,Sarawak,my,,1.416667,110.15
1734,Vellore,Tamil Nadu,in,,12.933333,79.133333
1735,Tiruchi,Tamil Nadu,in,,10.805,78.685556
1741,Rio Tercero,Córdoba,ar,53396.0,-32.173008,-64.11405500000001
1748,Sao Vicente,São Paulo,br,,-2.916667,-39.883333
1749,Ravensburg,Baden-Württemberg,de,48441.0,47.783333,9.616667
1776,Pesqueira,Pernambuco,br,41896.0,-8.366667,-36.7
1829,Cabedelo,Paraíba,br,54841.0,-6.966667,-34.833333
1843,Santa Cruz do Capibaribe,Pernambuco,br,76451.0,-7.95,-36.2
1844,Igarassu,Pernambuco,br,86458.0,-7.8333330000000005,-34.9
1846,Abreu e Lima,Pernambuco,br,81960.0,-7.9,-34.883333
1848,Heiwajima,Tôkyô,jp,,35.583333,139.748333
1849,Palakkad,Kerala,in,132740.0,10.7725,76.651389
1850,Kannur,Kerala,in,7625.0,11.866667,75.365278
1856,Meppel,Drenthe,nl,31049.0,52.7,6.2
1861,Hampstead,Camden,gb,,51.55,-0.183333
1864,Aars,Nordjylland,dk,7247.0,56.803808999999994,9.515814
1865,Los Santos,Los Santos,pa,5971.0,7.9333333,-80.41666670000001
1869,Changuinola,Bocas del Toro,pa,22902.0,9.433333300000001,-82.5166667
1873,Bellshill,North Lanarkshire,gb,20201.0,55.816667,-4.016667
1874,Motala,Östergötlands län,se,29715.0,58.55,15.05
1875,Curtis Bay,Maryland,us,,39.2266667,-76.5883333
1876,Lake Saint Louis,Missouri,us,14525.0,38.7975,-90.7855556
1877,Bardhaman,West Bengal,in,,23.240555999999998,87.869444
1878,Behala,West Bengal,in,,22.499444,88.304722
1879,Malda,West Bengal,in,,25.033333,88.15
1880,Andal,West Bengal,in,,23.6,87.2
1881,Matigara,West Bengal,in,,26.716666999999998,88.383333
1882,Murshidabad,West Bengal,in,39561.0,24.183332999999998,88.266667
1883,Ballygunge,West Bengal,in,,22.533333,88.366667
1884,Baranagar,West Bengal,in,260097.0,22.643333,88.365278
1891,Melipilla,Región Metropolitana de Santiago,cl,63100.0,-33.7,-71.216667
1899,Beirut,Bayrūt,lb,1252010.0,33.8719444,35.5097222
1906,Uithoorn,Noord-Holland,nl,27154.0,52.246485,4.8496440000000005
1907,Beverwijk,Noord-Holland,nl,36466.0,52.49126,4.652082
1908,Poitiers,Vienne,fr,86639.0,46.583333,0.333333
1911,Osimo,Ancona,it,30463.0,43.483333,13.483332999999998
1912,Talence,Gironde,fr,39514.0,44.804768,-0.595430999999999
1913,Aryanah,Ariana,tn,237401.0,36.860116999999995,10.193371
1914,Tétouan,Tétouan,ma,365355.0,35.571090999999996,-5.372424
1915,Oujda,Oujda-Angad,ma,,34.680525,-1.9076389999999999
1916,Kenitra,Kénitra,ma,420534.0,34.261008000000004,-6.580203
1917,Wageningen,Gelderland,nl,35080.0,51.973279,5.667555999999999
1918,Liminka,Norra Österbotten,fi,,64.81666700000001,25.4
1919,Akaa,Birkaland,fi,,61.166667000000004,23.866667
1920,Laukaa,Keski-Suomi,fi,17093.0,62.416667000000004,25.95
1924,Pando,Canelones,uy,28775.0,-34.716666700000005,-55.95
1927,Libertad,San José,uy,,-34.6333333,-56.6191667
1928,Arroyo de la Virgen,Florida,uy,,-34.1333333,-56.4
1931,Diecinueve de Abril,Rocha,uy,,-34.3666667,-54.0666667
1933,Young,Río Negro,uy,16600.0,-32.6833333,-57.6333333
1935,Balham,Lambeth,gb,,51.443432,-0.146828
1948,San Pablo City,Laguna,ph,,14.0683,121.3256
1955,Aguachica,Cesar,co,73361.0,8.308442,-73.6166
1958,Los Polvorines,Buenos Aires,ar,,-34.503363,-58.695327
1961,General Pacheco,Buenos Aires,ar,,-34.454512,-58.632709999999996
1962,Varde,Syddanmark,dk,12735.0,55.62157,8.48073
1963,Arvika,Värmlands län,se,13666.0,59.666667000000004,12.566667
1965,Lithonia,Georgia,us,,33.7122222,-84.1052778
1968,Barneveld,Gelderland,nl,51158.0,52.141642,5.584486
1969,Cariacica,Espírito Santo,br,330681.0,-20.266667,-40.416667
1978,Mysore,Karnataka,in,,12.307222,76.649722
1979,Guntur,Andhra Pradesh,in,530636.0,16.3,80.45
1980,Vijayawada,Andhra Pradesh,in,874684.0,16.516666999999998,80.616667
1982,Salé,Salé,ma,,34.038923,-6.816597
1986,Tangier,Tanger-Assilah,ma,825316.0,35.780576,-5.813646
1987,Tanta,Al Gharbīyah,eg,404934.0,30.791111100000002,30.998055600000004
1989,Skedsmokorset,Viken,no,,60.016667000000005,11.041667
1991,Køge,Sjælland,dk,33885.0,55.460007999999995,12.183415
2007,Rawdon,Quebec,ca,4978.0,46.033333,-73.7
2064,Aabenraa,Syddanmark,dk,16344.0,55.03621700000001,9.417999
2066,Marslev,Syddanmark,dk,,55.390154,10.520079
2067,Haderslev,Syddanmark,dk,20825.0,55.252433999999994,9.489315
2068,Bramming,Syddanmark,dk,6726.0,55.46945600000001,8.700074
2069,Fredericia,Syddanmark,dk,36946.0,55.575781000000006,9.761693
2071,Slagelse,Sjælland,dk,31896.0,55.402719,11.354142
2072,Haslev,Sjælland,dk,10588.0,55.317917,11.974003
2073,Ringsted,Sjælland,dk,18794.0,55.441120999999995,11.809437
2074,Herning,Midtjylland,dk,30329.0,56.13333299999999,8.983333
2075,Randers,Midtjylland,dk,55780.0,56.46070400000001,10.036389999999999
2078,Risskov,Midtjylland,dk,,56.19715600000001,10.247996
2080,Frederikssund,Hovedstaden,dk,14564.0,55.838923,12.067611999999999
2081,Kolding,Syddanmark,dk,55363.0,55.494131,9.458997
2082,Virum,Hovedstaden,dk,,55.794881000000004,12.451030000000001
2083,Tilst,Midtjylland,dk,,56.191339,10.121989
2089,Silkeborg,Midtjylland,dk,38760.0,56.170145999999995,9.565161999999999
2098,Munkebo,Syddanmark,dk,5225.0,55.461837,10.555769
2099,Hvidovre,Hovedstaden,dk,,55.650261,12.475765
2103,Valby,Hovedstaden,dk,,55.658126,12.524061999999999
2105,Besançon,Doubs,fr,120139.0,47.248778,6.018152
2111,Saint Gabriel,Louisiana,us,,30.2575,-91.0991667
2112,Tome,Biobío,cl,46698.0,-36.616667,-72.95
2114,Camaragibe,Pernambuco,br,148966.0,-8.016667,-34.966667
2117,Marignane,Bouches-du-Rhône,fr,35453.0,43.416043,5.214526
2118,Simiane-Collongue,Bouches-du-Rhône,fr,,43.429241999999995,5.437168
2122,Malvern,Victoria,au,,-37.866667,145.033333
2123,Doncaster,Victoria,au,,-37.783333,145.133333
2124,Kew East,Victoria,au,,-37.8,145.033333
2129,Madurai,Tamil Nadu,in,909988.0,9.933333,78.116667
2130,Tirupur,Tamil Nadu,in,,11.1,77.35
2131,Erode,Tamil Nadu,in,147283.0,11.35,77.733333
2136,Coburg,Victoria,au,,-37.75,144.966667
2138,Chomutov,Chomutov,cz,51054.0,50.463532,13.41365
2139,Opava,Opava,cz,61514.0,49.93846,17.902628
2143,Most,Most,cz,68254.0,50.509611,13.639121
2144,Karlovy Vary,Karlovy Vary,cz,53585.0,50.237003,12.875042
2146,Teplice,Teplice,cz,50972.0,50.646569,13.840138
2149,Cheb,Cheb,cz,32778.0,50.075777,12.374676
2152,Zvolen,Banskobystrický kraj,sk,44502.0,48.5833333,19.1333333
2153,Levice,Nitriansky kraj,sk,37574.0,48.216666700000005,18.6
2155,Liberec,Liberec,cz,99416.0,50.763889,15.065278
2159,Kolinany,Nitriansky kraj,sk,,48.3666667,18.2
2166,Smizany,Košický kraj,sk,,48.966666700000005,20.533333300000002
2167,Pilsen,Plzeň-město,cz,,49.75,13.366667000000001
2169,Poprad,Prešovský kraj,sk,57431.0,49.05,20.3
2170,Pardubice,Pardubice,cz,90853.0,50.027778000000005,15.775832999999999
2171,Brezno,Banskobystrický kraj,sk,23055.0,48.8166667,19.65
2172,Olomouc,Olomouc,cz,102792.0,49.59404,17.25119
2175,Martin,Žilinský kraj,sk,60817.0,49.0666667,18.9333333
2176,Ostrava,Ostrava město,cz,317136.0,49.811852,18.255282
2181,Banská Bystrica,Banskobystrický kraj,sk,82336.0,48.7333333,19.15
2183,Bamberg,Bayern,de,70471.0,49.866667,10.866667
2185,Richmond Hill,Ontario,ca,,43.866667,-79.43333299999999
2186,Cheras,Selangor,my,,3.05,101.766667
2187,Seri Kembangan,Selangor,my,,3.0333330000000003,101.716667
2188,Kongsvinger,Innlandet,no,11147.0,60.2,12.0
2190,Montesilvano Marina,Pescara,it,,42.516667,14.15
2191,Nordfjordeid,Vestland,no,2535.0,61.9,6.0
2194,Jonava,Kauno apskritis,lt,34996.0,55.0833333,24.283333300000002
2196,Alytus,Alytus,lt,70750.0,54.4,24.05
2197,Panevezys,Panevėžio miestas,lt,117400.0,55.7333333,24.35
2215,Hisar,Haryana,in,296456.0,29.166666999999997,75.716667
2218,São Bento do Sul,Santa Catarina,br,77598.0,-26.249722,-49.3825
2219,Francisco Beltrão,Paraná,br,57618.0,-26.083333,-53.066667
2220,Don Torcuato,Buenos Aires,ar,,-34.496743,-58.639151
2226,Grand Bourg,Buenos Aires,ar,,-34.483333,-58.716667
2229,Litovel,Olomouc,cz,10026.0,49.706317,17.076908
2230,Chrudim,Chrudim,cz,23909.0,49.95,15.8
2231,Chieti,Chieti,it,51194.0,42.35,14.166667000000002
2232,Alcalá de Guadaira,Sevilla,es,58934.0,37.337906,-5.839506
2233,Ribeirão das Neves,Minas Gerais,br,406840.0,-19.783333,-44.1
2234,Mem Martins,Lisboa,pt,,38.783333,-9.35
2235,Amora,Setúbal,pt,52577.0,38.629613,-9.115569
2252,Maia,Porto,pt,36425.0,41.235739,-8.619897
2263,Queluz,Lisboa,pt,103398.0,38.756572,-9.254512
2272,Le Cannet,Alpes-Maritimes,fr,42659.0,43.574445000000004,7.006431
2273,Grevenbroich,Nordrhein-Westfalen,de,64851.0,51.083333,6.5833330000000005
2274,Dormagen,Nordrhein-Westfalen,de,64129.0,51.1,6.8333330000000005
2278,Storslett,Finnmark,no,1444.0,69.583333,20.583333
2281,Kautokeino,Finnmark,no,1349.0,68.983333,23.133333
2282,Karasjok,Finnmark,no,1928.0,69.45,25.5
2286,Ajka,Veszprém,hu,31407.0,47.101963,17.558923
2287,Chatham,Kent,gb,75510.0,51.383333,0.516667
2288,San Sebastian,Gipuzkoa*,es,,28.091627000000003,-17.113314000000003
2291,Mondragón,Gipuzkoa*,es,,43.066666999999995,-2.483333
2293,Hernani,Gipuzkoa*,es,18482.0,43.264057,-1.9789419999999998
2294,Cheltenham,Gloucestershire,gb,103249.0,51.9,-2.083333
2295,Euxton,Lancashire,gb,,53.65,-2.666667
2296,Cumbernauld,North Lanarkshire,gb,49393.0,55.95,-3.983333
2299,Hortolândia,São Paulo,br,203537.0,-22.85,-47.25
2305,Kakogawa,Hyogo,jp,271636.0,34.766667,134.85
2312,Westmead,New South Wales,au,,-33.816666999999995,150.98333300000002
2313,Castle Hill,New South Wales,au,,-33.733333,151.0
2314,Ryde,New South Wales,au,,-33.816666999999995,151.1
2318,Parramatta,New South Wales,au,,-33.816666999999995,151.0
2320,Bayreuth,Bayern,de,74840.0,49.948056,11.578333
2328,Sitges,Barcelona,es,21495.0,41.237045,1.807316
2330,Manlleu,Barcelona,es,18944.0,42.002284,2.28476
2331,Lujan de Cuyo,Mendoza,ar,,-33.035471,-68.87782299999999
2332,Caleta Olivia,Santa Cruz,ar,,-46.439291,-67.528136
2338,Palmers Green,Enfield,gb,,51.616667,-0.1
2339,Clamart,Hauts-de-Seine,fr,49508.0,48.802987,2.266917
2347,Kaiserslautern,Rheinland-Pfalz,de,98947.0,49.45,7.75
2349,Crewe,Cheshire East,gb,70456.0,53.1,-2.433333
2351,Hull,Kingston upon Hull,gb,,53.716667,-0.333333
2382,Far Rockaway,New York,us,,40.605277799999996,-73.7555556
2383,Tarragona,Tarragona,es,128391.0,41.116667,1.25
2384,Lleida,Lleida,es,119320.0,41.616667,0.633332999999999
2385,Girona,Girona,es,85128.0,41.984444,2.821111
2387,Mount Pearl,Newfoundland and Labrador,ca,,47.516667,-52.783333
2388,Castelfranco Veneto,Treviso,it,33449.0,45.666667,11.916667
2389,Rubano,Padova,it,14458.0,45.433333000000005,11.783333
2393,Angered,Västra Götalands län,se,,57.783333,12.1
2394,Kista,Stockholms län,se,,59.45,17.916667
2395,Tlahuac,Ciudad de México,mx,,19.281667000000002,-99.003333
2396,Rabinal,Baja Verapaz,gt,12641.0,15.1,-90.45
2400,Oberengstringen,Zürich,ch,6106.0,47.410151,8.460977999999999
2401,Dietikon,Zürich,ch,22443.0,47.404446,8.394984000000001
2402,Uster,Zürich,ch,29583.0,47.351997,8.713687
2404,Créteil,Val-de-Marne,fr,84133.0,48.792660999999995,2.465694
2408,Lomas del Mirador,Buenos Aires,ar,,-34.664840999999996,-58.53195699999999
2410,Temperley,Buenos Aires,ar,,-34.77652,-58.40693100000001
2411,Sarandi,Buenos Aires,ar,,-34.683240999999995,-58.351175
2412,San Francisco Solano,Buenos Aires,ar,,-34.783333,-58.316667
2413,Villa Constitucion,Santa Fe,ar,44278.0,-33.227778,-60.329699
2420,Wilde,Buenos Aires,ar,,-34.694669,-58.312874
2421,Bernal,Buenos Aires,ar,,-34.707281,-58.271802
2426,Gobernador Galvez,Santa Fe,ar,,-33.030164,-60.640454000000005
2431,Allston,Massachusetts,us,,42.3583333,-71.12638890000001
2432,Sunnybank,Queensland,au,,-27.583333000000003,153.05
2433,Baulkham Hills,New South Wales,au,,-33.75,151.0
2434,Kellyville,New South Wales,au,,-33.71,150.96
2438,Ciudad Delicias,Chihuahua,mx,,28.216666999999998,-105.46666699999999
2439,Obihiro,Hokkaido,jp,173892.0,42.917221999999995,143.204444
2441,Caucaia,Ceará,br,275023.0,-3.7,-38.65
2443,Durban,GaZulu-Natala,za,3120340.0,-29.857896000000004,31.029197999999997
2444,Bensheim,Hessen,de,39450.0,49.680278,8.616111
2446,Hammamet,Nabeul,tn,,36.4,10.616667
2447,Masakin,Sousse,tn,64563.0,35.729172999999996,10.58082
2448,Kebili,Kebili,tn,,33.704387,8.969033999999999
2449,Hammam Sousse,Sousse,tn,,35.860904,10.603131
2450,Manouba,La Manouba,tn,,36.808029,10.097205
2451,Namsos,Trøndelag,no,8946.0,64.483333,11.5
2452,Melhus,Trøndelag,no,4602.0,63.283333,10.266667
2453,Pardes Hanna Karkur,Haifa,il,,32.474083,34.977808
2454,Visakhapatnam,Andhra Pradesh,in,1063293.0,17.7,83.3
2455,Ziar nad Hronom,Banskobystrický kraj,sk,,48.5833333,18.8666667
2456,Jar,Viken,no,,59.916667000000004,10.616667
2465,Chelsea,Kensington and Chelsea,gb,,51.484344,-0.174869
2466,Beckton,Newham,gb,,51.516667,0.066666999999999
2467,Dumai,Riau,id,143775.0,1.6833330000000002,101.45
2468,Amman,‘Ammān,jo,,31.95,35.933333000000005
2469,Naantali,Egentliga Finland,fi,13607.0,60.45,22.033333
2472,Cesano Maderno,Monza e Brianza,it,34758.0,45.633333,9.133333
2473,Limbiate,Monza e Brianza,it,31736.0,45.6,9.116667
2474,Narangba,Queensland,au,,-27.203381,152.959229
2475,Granville,New South Wales,au,,-33.833333,151.01666699999998
2476,Mäntsälä,Nyland,fi,18074.0,60.63333299999999,25.316667000000002
2477,Masku,Egentliga Finland,fi,,60.566667,22.1
2478,Rauma,Satakunda,fi,36550.0,61.13333299999999,21.5
2480,Playón Chico,Kuna Yala,pa,,9.3,-78.2333333
2481,Coquitlam,British Columbia,ca,,49.266667,-122.78333300000001
2482,Mosjøen,Nordland,no,9620.0,65.833333,13.2
2483,Tromsdalen,Finnmark,no,,69.65,19.016667
2486,Godvik,Vestland,no,,60.378611,5.198333
2487,Ciudad Real,Ciudad Real,es,64625.0,38.986258,-3.92907
2490,Willich,Nordrhein-Westfalen,de,52100.0,51.266667,6.55
2494,Ramallah,Ramallah,ps,,31.9,35.2
2495,Teplicka nad Vahom,Žilinský kraj,sk,,49.2333333,18.8
2498,Savyon,Central District,il,3434.0,32.053056,34.877778
2523,Rho,Milano,it,53558.0,45.533333,9.033333
2524,Cernusco sul Naviglio,Milano,it,27540.0,45.516667,9.316667
2525,Busto Arsizio,Varese,it,79229.0,45.616667,8.85
2526,Brugherio,Monza e Brianza,it,32439.0,45.55,9.3
2527,Euskirchen,Nordrhein-Westfalen,de,54855.0,50.666667,6.783333
2532,Korschenbroich,Nordrhein-Westfalen,de,33588.0,51.183333000000005,6.516667
2533,Hennef,Nordrhein-Westfalen,de,45829.0,50.783333,7.283333
2534,Gummersbach,Nordrhein-Westfalen,de,53244.0,51.033333,7.55
2537,Sankt Augustin,Nordrhein-Westfalen,de,56258.0,50.766667,7.183333
2538,Frechen,Nordrhein-Westfalen,de,48198.0,50.916667,6.816667
2539,Schwieberdingen,Baden-Württemberg,de,10308.0,48.883333,9.066667
2541,Rosina,Žilinský kraj,sk,,49.1833333,18.7666667
2542,Lehota,Nitriansky kraj,sk,,48.3166667,18.0
2552,Oftringen,Aargau,ch,10062.0,47.31382,7.925327
2554,Zollikofen,Bern,ch,9144.0,46.995678000000005,7.459013000000001
2555,Dubendorf,Zürich,ch,23051.0,47.395395,8.618366
2559,Langenthal,Bern,ch,14533.0,47.21526,7.796072000000001
2560,Cham,Zug,ch,13431.0,47.182126000000004,8.463576
2561,Wettingen,Aargau,ch,18509.0,47.470495,8.316360000000001
2562,Seon,Aargau,ch,4556.0,47.3449,8.156071
2563,Alterswil,Freiburg,ch,,46.795867,7.258774000000001
2564,Ostermundigen,Bern,ch,,46.956112,7.487187
2565,Courtepin,Freiburg,ch,,46.85,7.2
2566,Olten,Solothurn,ch,16555.0,47.357058,7.909101
2569,Allschwil,Basel-Landschaft,ch,18745.0,47.550744,7.5359940000000005
2570,Thun,Bern,ch,41539.0,46.751176,7.621663000000001
2571,Vincentown,New Jersey,us,,39.9338889,-74.74888890000001
2572,Zutphen,Gelderland,nl,38399.0,52.140449,6.204791
2583,Charlottenlund,Hovedstaden,dk,,55.753674,12.591811
2584,Farum,Hovedstaden,dk,11552.0,55.809872999999996,12.362286
2587,Skive,Midtjylland,dk,20815.0,56.563814,9.040245
2588,Galten,Midtjylland,dk,,56.35,10.05
2589,Hobro,Nordjylland,dk,11064.0,56.638115,9.795316999999999
2590,Vordingborg,Sjælland,dk,8960.0,54.983332999999995,11.9
2592,Hornsey,Haringey,gb,,51.583333,-0.116666999999999
2621,Buin,Región Metropolitana de Santiago,cl,55440.0,-33.733333,-70.75
2622,Rengo,Libertador General Bernardo O'Higgins,cl,38101.0,-34.416667,-70.866667
2623,Colina,Región Metropolitana de Santiago,cl,,-33.2,-70.68333299999999
2624,Machali,Libertador General Bernardo O'Higgins,cl,27595.0,-34.183333000000005,-70.666667
2627,Beasain,Gipuzkoa*,es,12237.0,43.05,-2.183333
2629,Kirkkonummi,Nyland,fi,32921.0,60.11666700000001,24.433332999999998
2630,Detmold,Nordrhein-Westfalen,de,74853.0,51.933333000000005,8.883333
2632,Bankstown,New South Wales,au,,-33.916667,151.033333
2634,Pathanamthitta,Kerala,in,38288.0,9.266667,76.783333
2655,Alberton,Gauteng,za,202503.0,-26.265207,28.140595
2656,Vanderbijlpark,Gauteng,za,246821.0,-26.711710999999998,27.837949
2657,Midrand,Gauteng,za,173009.0,-25.963611,28.137778000000004
2658,Pietermaritzburg,GaZulu-Natala,za,750864.0,-29.616784999999997,30.39278
2659,Kempton Park,Gauteng,za,,-26.098762,28.233013
2660,Kaunas,Kaunas,lt,374655.0,54.9,23.9
2668,Rio Bueno,Los Ríos,cl,15456.0,-40.316666999999995,-72.966667
2669,Nunoa,Región Metropolitana de Santiago,cl,,-33.466667,-70.6
2671,Patiala,Punjab,in,329248.0,30.326666999999997,76.400278
2673,Kolsva,Västmanlands län,se,,59.6,15.833332999999998
2683,Puerto Peñasco,Sonora,mx,33877.0,31.316667,-113.53333300000001
2687,Bra,Cuneo,it,29454.0,44.7,7.85
2695,Marchtrenk,Oberösterreich,at,11666.0,48.183333000000005,14.116667000000001
2696,Feldkirchen bei Graz,Steiermark,at,,47.016667,15.45
2697,Maria Enzersdorf,Niederösterreich,at,8085.0,48.1,16.283333
2698,Klazienaveen,Drenthe,nl,,52.728166,7.000444
2704,Muurame,Keski-Suomi,fi,,62.13333299999999,25.666667
2709,Lohja,Nyland,fi,35960.0,60.25,24.083333
2710,Palokka,Keski-Suomi,fi,,62.283333,25.716667
2711,Kaarina,Egentliga Finland,fi,21684.0,60.416667000000004,22.416667
2712,Kangasala,Birkaland,fi,24291.0,61.466667,24.083333
2713,Nokia,Birkaland,fi,28676.0,61.466667,23.5
2721,Vaasa,Österbotten,fi,57014.0,63.1,21.6
2726,Porvoo,Nyland,fi,47192.0,60.4,25.666667
2727,Klaukkala,Nyland,fi,,60.38333299999999,24.75
2728,Pirkkala,Birkaland,fi,14914.0,61.466667,23.566667000000002
2729,Pori,Satakunda,fi,76773.0,61.483332999999995,21.783333
2730,Hämeenlinna,Egentliga Tavastland,fi,47261.0,61.0,24.45
2731,Kuopio,Norra Savolax,fi,89104.0,62.9,27.683333
2736,Raisio,Egentliga Finland,fi,23598.0,60.483332999999995,22.183332999999998
2740,Tuusula,Nyland,fi,34725.0,60.416667000000004,25.033333
2741,Kerava,Nyland,fi,31347.0,60.4,25.116667
2742,Galway,Gaillimh,ie,70686.0,53.2719444,-9.048888900000001
2743,Lucan,Laighin,ie,,53.3591667,-6.4388889
2744,Golders Green,Barnet,gb,,51.566666999999995,-0.216667
2749,Codlea,Braşov,ro,24188.0,45.7,25.45
2750,Campina,Prahova,ro,38302.0,45.133333,25.733333
2751,Medgidia,Constanţa,ro,43315.0,44.25,28.283333000000002
2754,Limhamn,Skåne län,se,,55.583332999999996,12.95
2757,Cork,Corcaigh,ie,188908.0,51.898611100000004,-8.495833300000001
2758,Madunice,Trnavský kraj,sk,,48.4833333,17.783333300000002
2759,Oulu,Norra Österbotten,fi,128618.0,65.016667,25.466667
2760,Turku,Egentliga Finland,fi,175944.0,60.45,22.283333
2761,Etobicoke,Ontario,ca,,43.7,-79.56666700000001
2766,Kitakyushu,Fukuoka,jp,997545.0,33.833333,130.833333
2769,Shirokanedai,Tôkyô,jp,,35.633333,139.73333300000002
2770,Matsudo,Chiba,jp,470287.0,35.783333,139.9
2774,Itapevi,São Paulo,br,201752.0,-23.55,-46.933333000000005
2777,Embu,São Paulo,br,221737.0,-23.65,-46.85
2791,Kalyan,Maharashtra,in,1262355.0,19.25,73.15
2795,Bergisch Gladbach,Nordrhein-Westfalen,de,106611.0,50.983333,7.133333
2796,Falun,Dalarnas län,se,35385.0,60.6,15.633332999999999
2797,Skien,Vestfold,no,,59.2,9.6
2798,Sarpsborg,Viken,no,,59.283333,11.116667
2799,Fredrikstad,Viken,no,,59.216667,10.95
2800,Lillehammer,Innlandet,no,19223.0,61.13333299999999,10.5
2804,Santiago de los Caballeros,Santiago,do,,19.45,-70.7
2806,Gatineau,Quebec,ca,,45.483333,-75.65
2811,Caen,Calvados,fr,115358.0,49.197188,-0.326822
2814,Rouen,Seine-Maritime,fr,108101.0,49.433333000000005,1.083333
2815,Clermont-Ferrand,Puy-de-Dôme,fr,137364.0,45.779657,3.086281
2820,Getafe,Madrid,es,167550.0,40.308423,-3.7059599999999997
2823,Badajoz,Badajoz,es,133042.0,38.877894,-6.970613
2824,Fuengirola,Málaga,es,54823.0,36.543321999999996,-4.626904
2825,Jaén,Jaén,es,116291.0,37.772403999999995,-3.7901300000000004
2826,Huelva,Huelva,es,145901.0,37.271446999999995,-6.949464
2827,Almería,Almería,es,181497.0,36.833333,-2.45
2828,Cadiz,Cádiz,es,137698.0,36.515789,-6.279692
2829,Dos Hermanas,Sevilla,es,104666.0,37.282866999999996,-5.920884
2830,Burnaby,British Columbia,ca,,49.25,-122.95
2831,Purmerend,Noord-Holland,nl,80807.0,52.509624,4.963884999999999
2838,Worms,Rheinland-Pfalz,de,82104.0,49.635556,8.359722
2839,Albacete,Albacete,es,155083.0,38.995845,-1.857773
2840,Alcobendas,Madrid,es,101860.0,40.543933,-3.6356879999999996
2841,A Coruña,A Coruña,es,236010.0,43.366609000000004,-8.406812
2842,Toledo,Toledo,es,75054.0,39.867263,-4.0298099999999994
2844,Burgos,Burgos,es,168319.0,42.350221000000005,-3.6752730000000002
2847,Sant Cugat del Vallès,Barcelona,es,65118.0,41.471379,2.081834
2848,Sabadell,Barcelona,es,198589.0,41.54329,2.109423
2850,Vantaa,Nyland,fi,,60.3,24.85
2851,Longueuil,Quebec,ca,,45.533333,-73.516667
2853,Ratingen,Nordrhein-Westfalen,de,92306.0,51.3,6.85
2854,Leverkusen,Nordrhein-Westfalen,de,159088.0,51.016667,6.983333
2855,Krefeld,Nordrhein-Westfalen,de,239908.0,51.333333,6.566667
2856,Nyköping,Södermanlands län,se,27582.0,58.75,17.0
2857,Skellefteå,Västerbottens län,se,30839.0,64.766667,20.95
2858,Karlskrona,Blekinge län,se,32309.0,56.166667000000004,15.583332999999998
2859,Kungsbacka,Hallands län,se,18698.0,57.483332999999995,12.066667
2861,Mississauga,Ontario,ca,,43.15,-79.5
2862,Bulleen,Victoria,au,,-37.766667,145.083333
2863,Preston,Victoria,au,,-37.75,145.01666699999998
2864,Aachen,Nordrhein-Westfalen,de,251104.0,50.770833,6.105278
2865,Kassel,Hessen,de,193117.0,51.316666999999995,9.5
2866,Port Colborne,Ontario,ca,,42.883333,-79.233333
2868,Buhusi,Bacău,ro,18395.0,46.716667,26.7
2872,Sofia,Sofia,bg,1062065.0,42.6833333,23.3166667
2873,Vilnius,Vilnius,lt,542381.0,54.6833333,25.3166667
2874,Gladesville,New South Wales,au,,-33.833333,151.133333
2875,Ashfield,New South Wales,au,,-33.883333,151.116667
2876,Marrickville,New South Wales,au,,-33.916667,151.166667
2877,Merrylands,New South Wales,au,,-33.833333,150.98333300000002
2878,Alexandria,New South Wales,au,,-33.916667,151.2
2879,Badalona,Barcelona,es,222413.0,41.447145,2.244789
2881,Terrassa,Barcelona,es,187770.0,41.561111,2.0080560000000003
2882,Vitoria-Gasteiz,Álava,es,,42.85,-2.666667
2883,Elche,Alacant*,es,,38.264987,-0.7061029999999989
2886,Uddevalla,Västra Götalands län,se,30283.0,58.36666700000001,11.933333
2889,Kungälv,Västra Götalands län,se,21262.0,57.86666700000001,11.966667
2891,Kalmar,Kalmar län,se,34745.0,56.666667000000004,16.366667
2894,Luleå,Norrbottens län,se,45551.0,65.583333,22.15
2895,Borlänge,Dalarnas län,se,38757.0,60.483332999999995,15.416667000000002
2896,Handen,Stockholms län,se,,59.166667000000004,18.133056
2898,Östersund,Jämtlands län,se,42940.0,63.183333,14.65
2903,Landskrona,Skåne län,se,27889.0,55.86666700000001,12.833333
2904,Kristianstad,Skåne län,se,32188.0,56.033333,14.133332999999999
2905,Trollhättan,Västra Götalands län,se,44522.0,58.266667000000005,12.3
2906,Sundsvall,Västernorrlands län,se,48463.0,62.38333299999999,17.3
2907,Gävle,Gävleborgs län,se,68635.0,60.666667000000004,17.166667
2910,Södertälje,Stockholms län,se,59977.0,59.2,17.616667
2911,Huddinge,Stockholms län,se,,59.233332999999995,17.983333
2913,Eskilstuna,Södermanlands län,se,59016.0,59.36666700000001,16.5
2917,Johanneshov,Stockholms län,se,,59.333332999999996,18.05
2918,Sollentuna,Stockholms län,se,,59.466667,17.9
2919,Borås,Västra Götalands län,se,63223.0,57.716667,12.916667
2920,Norrköping,Östergötlands län,se,82903.0,58.6,16.183332999999998
2921,Scarborough,Ontario,ca,,43.75,-79.2
2922,Isidro Casanova,Buenos Aires,ar,,-34.699328,-58.590412
2928,Angers,Maine-et-Loire,fr,158585.0,47.473806,-0.54774
2929,Grenoble,Isère,fr,154853.0,45.171546,5.722387
2931,Salamanca,Salamanca,es,155175.0,40.9681,-5.66202
2932,General Trias,Cavite,ph,,14.386944,120.881667
2933,Abangan Norte,Bulacan,ph,,14.772222,120.94
2934,Noisy-le-Sec,Seine-Saint-Denis,fr,38153.0,48.891481,2.4645099999999998
2935,North Hollywood,California,us,,34.1722222,-118.37805559999998
2938,Kozhikode,Kerala,in,,11.25,75.766667
2939,Kottayam,Kerala,in,59442.0,9.583333,76.516667
2940,Siliguri,West Bengal,in,,26.716110999999998,88.423611
2941,Jerez de la Frontera,Cádiz,es,,36.686454,-6.136063
2944,Marrakesh,Marrakech-Safi,ma,942631.0,31.631484999999998,-8.008281
2945,Umeå,Västerbottens län,se,74005.0,63.833332999999996,20.25
2946,Sundbyberg,Stockholms län,se,,59.36666700000001,17.966667
2951,Helsingborg,Skåne län,se,91025.0,56.05,12.7
2972,Florencio Varela,Buenos Aires,ar,,-34.827222,-58.395556000000006
2976,Laferrere,Buenos Aires,ar,,-34.748296,-58.587911
2979,Ashburton,Victoria,au,,-37.866667,145.083333
2980,Blacktown,New South Wales,au,,-33.766667,150.916667
2983,Villa Ballester,Buenos Aires,ar,,-34.545732,-58.546758999999994
2986,Moradabad,Uttar Pradesh,in,721210.0,28.833333000000003,78.783333
2987,Panipat,Haryana,in,292828.0,29.388889000000002,76.968056
2988,Sonipat,Haryana,in,250538.0,28.983333000000002,77.016667
2989,Rohtak,Haryana,in,317266.0,28.9,76.56666700000001
2990,Jönköping,Jönköpings län,se,83202.0,57.783333,14.183333
2991,Drammen,Viken,no,90692.0,59.7425,10.211667
2997,Tromsø,Finnmark,no,52747.0,69.666667,18.966667
2998,Linköping,Östergötlands län,se,96732.0,58.416667000000004,15.616667000000001
3015,Trondheim,Trøndelag,no,146930.0,63.416667000000004,10.416667
3016,Bergen,Vestland,no,214154.0,60.391110999999995,5.324722
3017,Cosenza,Cosenza,it,67380.0,39.3,16.25
3021,Santiago de Compostela,A Coruña,es,91141.0,42.880035,-8.544825999999999
3022,Pamplona,,es,191549.0,42.814075,-1.6411529999999999
3023,Iesi,Ancona,it,,43.516667,13.233332999999998
3024,Novara,Novara,it,105903.0,45.466667,8.633333
3027,Colchester,Essex,gb,109415.0,51.883333,0.9
3028,Reggio Calabria,Reggio Calabria,it,,38.1,15.65
3029,Nova Milanese,Monza e Brianza,it,23655.0,45.583333,9.2
3030,Paderno Dugnano,Milano,it,47733.0,45.55,9.166667
3031,Seregno,Monza e Brianza,it,40237.0,45.65,9.2
3032,Desio,Monza e Brianza,it,36708.0,45.616667,9.216667
3035,Rabat,Rabat,ma,1894386.0,34.013784,-6.844268
3041,Courbevoie,Hauts-de-Seine,fr,70896.0,48.897,2.2564
3047,Vincennes,Val-de-Marne,fr,44781.0,48.848603000000004,2.4376919999999997
3048,Fontenay-sous-Bois,Val-de-Marne,fr,51077.0,48.854419,2.4826759999999997
3049,Roubaix,Nord,fr,96806.0,50.694207,3.174556
3070,Noisy-le-Grand,Seine-Saint-Denis,fr,61650.0,48.849792,2.5626580000000003
3071,Vaulx-en-Velin,Rhône,fr,36564.0,45.781801,4.920852
3074,Amiens,Somme,fr,138816.0,49.9,2.3
3075,Vitry-sur-Seine,Val-de-Marne,fr,77035.0,48.787159,2.403322
3076,Nicosia,Lefkoşa,cy,42342.0,35.1666667,33.3666667
3077,Kirikkale,Kırıkkale,tr,,39.845278,33.506389
3078,Sanliurfa,Şanlıurfa,tr,,37.16708,38.793919
3087,Tire,İzmir,tr,47245.0,38.088769,27.73508
3103,Magnesia ad Sipylum,Manisa,tr,,38.612018,27.426465000000004
3105,Antakya,Hatay,tr,154881.0,36.206551,36.157225
3106,Mugla,Muğla,tr,48208.0,37.218066,28.366497
3108,Drancy,Seine-Saint-Denis,fr,63535.0,48.925785,2.4453270000000003
3109,Neuilly-Plaisance,Seine-Saint-Denis,fr,18446.0,48.859522999999996,2.502783
3115,Zgierz,Lodzkie,pl,58036.0,51.84469,19.408752
3122,Elblag,Warminsko-mazurskie,pl,127558.0,54.1522,19.408841
3132,Kielce,Swietokrzyskie,pl,208598.0,50.833333,20.666667
3135,Bielsko-Biala,Slaskie,pl,176515.0,49.822449,19.046863000000002
3140,Legnica,Dolnoslaskie,pl,106033.0,51.210062,16.161898
3141,Tychy,Slaskie,pl,131696.0,50.137167,18.96641
3142,Sopot,Pomorskie,pl,40142.0,54.434676,18.57076
3144,Bialystok,Podlaskie,pl,291855.0,53.13333299999999,23.15
3146,Gliwice,Slaskie,pl,198835.0,50.297612,18.676582999999997
3154,Zabrze,Slaskie,pl,192177.0,50.306354999999996,18.783333
3155,Bytom,Slaskie,pl,189186.0,50.348017,18.932822
3156,Bydgoszcz,Kujawsko-pomorskie,pl,366452.0,53.127062,18.019987
3158,Forlì,Forlì-Cesena,it,111574.0,44.223611,12.052778
3161,Como,Como,it,78582.0,45.783333,9.083333
3162,Lecce,Lecce,it,79259.0,40.383333,18.183332999999998
3163,Cesena,Forlì-Cesena,it,92280.0,44.143333,12.249722
3164,Catanzaro,Catanzaro,it,91584.0,38.9,16.583333
3165,Trento,Trento,it,106703.0,46.066666999999995,11.133333
3166,Livorno,Livorno,it,,43.55,10.316667
3167,Cinisello Balsamo,Milano,it,74123.0,45.55,9.216667
3168,Messina,Messina,it,237956.0,38.183333000000005,15.566667
3169,Sesto San Giovanni,Milano,it,74668.0,45.533333,9.233333
3170,Venice,Venezia,it,259126.0,45.438611,12.326667
3171,Rimini,Rimini,it,132031.0,44.063333,12.580833
3172,Pisa,Pisa,it,83803.0,43.716667,10.383333
3176,Udine,Udine,it,94597.0,46.061944,13.242222
3177,Trieste,Trieste,it,204379.0,45.648610999999995,13.78
3178,Mestre,Venezia,it,,45.490278,12.2425
3179,Ancona,Ancona,it,100982.0,43.633333,13.5
3180,Vicenza,Vicenza,it,108636.0,45.55,11.55
3188,Bergamo,Bergamo,it,113603.0,45.683333000000005,9.716667
3189,Perugia,Perugia,it,157077.0,43.133333,12.366667
3194,Treviso,Treviso,it,81323.0,45.666667,12.245
3195,Parma,Parma,it,155693.0,44.8,10.333333
3196,Taranto,Taranto,it,191364.0,40.476110999999996,17.229722
3198,Monza,Monza e Brianza,it,120857.0,45.583333,9.266667
3201,Modena,Modena,it,180641.0,44.666667,10.916667
3202,Genoa,Genova,it,585815.0,44.416667,8.95
3203,Palermo,Palermo,it,669582.0,38.116667,13.366667000000001
3204,Catania,Catania,it,307331.0,37.5,15.1
3205,Bari,Bari,it,303049.0,41.133333,16.85
3207,Barsinghausen,Niedersachsen,de,34322.0,52.3,9.45
3239,San Nicolás de los Garza,Nuevo León,mx,507837.0,25.75,-100.3
3240,Apodaca,Nuevo León,mx,352246.0,25.766667,-100.2
3242,Sarstedt,Niedersachsen,de,18555.0,52.233333,9.85
3243,Mönchengladbach,Nordrhein-Westfalen,de,264969.0,51.2,6.433333
3244,Paderborn,Nordrhein-Westfalen,de,143096.0,51.716667,8.766667
3254,Solingen,Nordrhein-Westfalen,de,165192.0,51.183333000000005,7.0833330000000005
3257,Osnabrück,Niedersachsen,de,165372.0,52.266667,8.05
3258,Hanover,Niedersachsen,de,519144.0,52.366667,9.716667
3259,Neuss,Nordrhein-Westfalen,de,152975.0,51.2,6.683333
3260,Bonn,Nordrhein-Westfalen,de,314081.0,50.733333,7.1
3265,Surrey,British Columbia,ca,,49.136353351000004,-122.821343315
3267,Las Condes,Región Metropolitana de Santiago,cl,,-33.366667,-70.516667
3268,Punta Arenas,Magallanes,cl,117432.0,-53.15,-70.916667
3269,Chillan,,cl,150396.0,-36.6,-72.116667
3270,Rancagua,Libertador General Bernardo O'Higgins,cl,212696.0,-34.17083,-70.74444
3308,Cavite City,Cavite,ph,,14.477831,120.893222
3317,Lipa City,Batangas,ph,,13.9411,121.1631
3319,Adlaon,Cebu,ph,,10.443889,123.871944
3320,Bacolod City,Kanlurang Negros,ph,,10.6677,122.9533
3321,Iloilo City,Iloilo,ph,,10.696944,122.564444
3322,San Jose del Monte,Bulacan,ph,,14.8,120.88333300000001
3323,Cainta,Risal,ph,283177.0,14.5786,121.1222
3340,Binondo,National Capital Region,ph,,14.6019,120.9764
3374,Vergara,National Capital Region,ph,,14.575999999999999,121.0281
3375,Taguig,National Capital Region,ph,,14.4736,121.0488
3377,Alkmaar,Noord-Holland,nl,93287.0,52.63581800000001,4.75561
3384,Karnal,Haryana,in,225064.0,29.683333,76.983333
3387,Trivandrum,Kerala,in,,8.506944,76.956944
3395,Mangalore,Karnataka,in,,12.863889,74.835278
3396,Vadodara,Gujarat,in,1409565.0,22.3,73.2
3397,Thane,Maharashtra,in,,19.2,72.966667
3404,Katowice,Slaskie,pl,317316.0,50.258415,19.027545
3406,Ávila,Ávila,es,49408.0,40.657237,-4.699511
3409,Zwickau,Sachsen,de,99343.0,50.733333,12.5
3410,Ragusa,Ragusa,it,72631.0,36.916667,14.733332999999998
3411,San Giovanni la Punta,Catania,it,22970.0,37.583333,15.116667000000001
3412,Misterbianco,Catania,it,46600.0,37.516667,15.0
3415,Cape Town,iTjhingalanga-Kapa,za,3433504.0,-33.925839,18.423218
3423,Cipolletti,Río Negro,ar,,-38.933918,-67.99032199999999
3426,Hurlingham,Buenos Aires,ar,,-34.58831,-58.63905
3430,Lissone,Monza e Brianza,it,37137.0,45.616667,9.233333
3431,Brossard,Quebec,ca,,45.45,-73.483333
3436,Oberursel,Hessen,de,42880.0,50.2,8.583333
3437,Steinenbronn,Baden-Württemberg,de,,48.666667,9.116667
3438,Kajang,Selangor,my,,2.9927,101.7909
3442,Berazategui,Buenos Aires,ar,,-34.755684,-58.19859399999999
3453,Jose C. Paz,Buenos Aires,ar,,-34.513461,-58.752345999999996
3464,Edogawa,Tôkyô,jp,,35.659444,139.85333300000002
3466,Musashino,Tôkyô,jp,137480.0,35.706111,139.55944399999998
3467,Koto,Tôkyô,jp,,35.66,139.806667
3468,Sumida,Tôkyô,jp,,35.733333,139.816667
3470,Chofu,Tôkyô,jp,212978.0,35.655556,139.552222
3473,Carnegie,Victoria,au,,-37.883333,145.066667
3476,Hawthorn,Victoria,au,,-37.833333,145.033333
3477,Blackburn,Victoria,au,,-37.816666999999995,145.166667
3478,Reservoir,Victoria,au,,-37.716667,145.0
3481,Watsonia,Victoria,au,,-37.716667,145.083333
3482,Northcote,Victoria,au,,-37.766667,145.0
3483,Balmain,New South Wales,au,,-33.866667,151.183333
3491,Elwood,Victoria,au,,-37.882222,144.978056
3492,East Malvern,Victoria,au,,-37.883333,145.066667
3495,Surry Hills,New South Wales,au,,-33.883333,151.216667
3496,Dreieich,Hessen,de,41054.0,50.0,8.7
3497,Meerbusch,Nordrhein-Westfalen,de,55053.0,51.283333,6.6666669999999995
3498,Oer-Erkenschwick,Nordrhein-Westfalen,de,30474.0,51.633333,7.25
3500,Witten,Nordrhein-Westfalen,de,101122.0,51.433333000000005,7.3333330000000005
3501,Maintal,Hessen,de,38656.0,50.15,8.833333
3506,Puchong Batu Dua Belas,Selangor,my,,3.016667,101.616667
3507,Tuxtla Gutiérrez,Chiapas,mx,481143.0,16.75,-93.116667
3513,Ramos Mejia,Buenos Aires,ar,,-34.640714,-58.563756000000005
3518,Quilmes,Buenos Aires,ar,,-34.72418,-58.252646
3519,Godoy Cruz,Mendoza,ar,,-32.928635,-68.835099
3522,Lomas de Zamora,Buenos Aires,ar,,-34.76088,-58.406318999999996
3523,Lanus,Buenos Aires,ar,,-34.702524,-58.395497
3524,Benavidez,Buenos Aires,ar,,-34.411305,-58.701391
3525,Dock Sud,Buenos Aires,ar,,-34.639252,-58.340681
3527,Patos de Minas,Minas Gerais,br,126236.0,-18.583333,-46.533333
3531,Sapiranga,Rio Grande do Sul,br,76053.0,-29.633333,-51.0
3559,Rio do Sul,Santa Catarina,br,51945.0,-27.2181,-49.6436
3561,Viamão,Rio Grande do Sul,br,285274.0,-30.083333000000003,-51.033333
3563,Volda,Møre og Romsdal,no,5438.0,62.15,6.1
3564,Min Buri,Krung Thep Maha Nakhon,th,,13.814070999999998,100.73135
3565,Fukui-shi,Fukui,jp,,36.065278,136.221945
3566,Oldenzaal,Overijssel,nl,31843.0,52.311840999999994,6.929745
3567,Arese,Milano,it,19649.0,45.533333,9.083333
3569,Garbagnate Milanese,Milano,it,29295.0,45.566666999999995,9.066667
3570,Arenys de Mar,Barcelona,es,13869.0,41.581905,2.5493580000000002
3572,Inca,Balears,es,26595.0,39.720034000000005,2.910287
3573,Manacor,Balears,es,36095.0,39.570524,3.211409
3575,Zarautz,Gipuzkoa*,es,21303.0,43.283333,-2.166667
3576,Timika,Papua,id,,-4.775201,136.558577
3627,Jelgava,Jelgava,lv,61793.0,56.65,23.7127778
3628,Brno,Jihomoravský kraj,cz,377407.0,49.2,16.633333
3630,Middlesbrough,Middlesbrough,gb,142708.0,54.572778,-1.162778
3631,North Shields,North Tyneside,gb,39747.0,55.004721999999994,-1.4727780000000001
3633,Coimbatore,Tamil Nadu,in,,10.9925,76.961389
3634,Voorburg,Zuid-Holland,nl,,52.069049,4.388258
3643,Angeles City,Pampanga,ph,,15.1406,120.59100000000001
3645,Bacoor,Cavite,ph,356987.0,14.459026999999999,120.929034
3646,Baguio City,Benget,ph,,16.416389000000002,120.593056
3649,Davao City,Davao del Sur,ph,,7.073055999999999,125.612778
3650,Barendrecht,Zuid-Holland,nl,43123.0,51.853922,4.538639
3651,Cembo,National Capital Region,ph,,14.5646,121.0488
3652,Mandaluyong City,National Capital Region,ph,,14.5832,121.0409
3653,Bratislava,Bratislavský kraj,sk,423737.0,48.15,17.1166667
3654,Brampton,Ontario,ca,,43.683333000000005,-79.766667
3655,Uccle,Brussels Hoofdstedelijk Gewest,be,,50.8,4.316667
3656,Liège,Liège,be,182597.0,50.633333,5.566667
3657,Espoo,Nyland,fi,229528.0,60.216667,24.666667
3658,Schiedam,Zuid-Holland,nl,76874.0,51.932178,4.39268
3659,Ghent,Oost-Vlaanderen,be,,51.05,3.7166669999999997
3660,Ridderkerk,Zuid-Holland,nl,45568.0,51.872419,4.612876
3661,Rostock,Mecklenburg-Vorpommern,de,196833.0,54.083332999999996,12.133333
3662,Gelnhausen,Hessen,de,21417.0,50.2,9.183333
3663,Velden,Bayern,de,,48.366667,12.25
3664,Tomares,Sevilla,es,18796.0,37.372807,-6.04589
3665,Geilenkirchen,Nordrhein-Westfalen,de,28587.0,50.966667,6.116667
3674,Kudus,Jawa Tengah,id,92166.0,-6.8048,110.8405
3675,Katupadang,Sumatera Utara,id,,2.5612,97.6633
3677,Batam,Kepulauan Riau,id,,1.2,104.0
3688,Waddinxveen,Zuid-Holland,nl,,52.048048,4.652653
3689,Karlstad,Värmlands län,se,57779.0,59.36666700000001,13.5
3690,Örebro,Örebro län,se,98573.0,59.283333,15.216667000000001
3734,Nerima,Tôkyô,jp,,35.733333,139.65
3735,Shibuya,Tôkyô,jp,,35.45,139.466667
3738,Osaka,Osaka,jp,,35.95,137.26666699999998
3759,Salt Lake,New Mexico,us,,34.4533333,-108.76916670000001
3760,Saint-Paul-de-Vence,Alpes-Maritimes,fr,,43.695955,7.12258
3761,Trelleborg,Skåne län,se,25494.0,55.36666700000001,13.166667000000002
3762,Kasilawan,National Capital Region,ph,,14.5728,121.0147
3763,Nova Iguaçu,Rio de Janeiro,br,1002129.0,-22.759188,-43.431886999999996
3764,Savigny-sur-Orge,Essonne,fr,38818.0,48.676775,2.3483509999999996
3765,Contagem,Minas Gerais,br,627132.0,-19.916667,-44.1
3766,Thrissur,Kerala,in,325140.0,10.516667,76.216667
3769,Azcapotzalco,Ciudad de México,mx,,19.488889,-99.183611
3771,Chalco,México,mx,164003.0,19.266667,-98.9
3791,Surat,Gujarat,in,2894675.0,20.966667,72.9
3792,Chandigarh,Chandigarh,in,914374.0,30.7343,76.7933
3793,Ludhiana,Punjab,in,1545476.0,30.9,75.85
3794,Bhubaneswar,Odisha,in,762307.0,20.233333,85.833333
3795,Ernakulam,Kerala,in,,9.983333,76.283333
3796,Guwahati,Assam,in,899132.0,26.183332999999998,91.733333
3807,Ahmedabad,Gujarat,in,,23.033333,72.616667
3808,Chennai,Tamil Nadu,in,,13.083333,80.283333
3822,Garbsen,Niedersachsen,de,63354.0,52.416667,9.6
3826,Dresden,Sachsen,de,480801.0,51.05,13.75
3829,Cordova,Córdoba,es,,37.89155,-4.772748
3830,Alicante,Alacant*,es,,38.34619,-0.48772200000000004
3831,Alcalá de Henares,Madrid,es,195152.0,40.482048,-3.359957
3834,Valladolid,Valladolid,es,315859.0,41.655181,-4.72372
3835,Las Palmas de Gran Canaria,Las Palmas,es,,28.099727,-15.413429999999998
3838,Barueri,São Paulo,br,251999.0,-23.516667,-46.883333
3839,Granada,Granada,es,248942.0,37.178354,-3.5992010000000003
3840,Bilbao,Bizkaia*,es,349270.0,43.260919,-2.938764
3841,Zaragoza,Zaragoza,es,635509.0,41.645309999999995,-0.884861
3842,Florence,Firenze,it,347194.0,43.766667,11.25
3843,Verona,Verona,it,247082.0,45.45,11.0
3844,Padova,Padova,it,205247.0,45.416667,11.883333
3845,Bielefeld,Nordrhein-Westfalen,de,327198.0,52.033333,8.533333
3846,Wuppertal,Nordrhein-Westfalen,de,363240.0,51.266667,7.183333
3847,Gelsenkirchen,Nordrhein-Westfalen,de,271647.0,51.516667,7.05
3852,Recklinghausen,Nordrhein-Westfalen,de,122727.0,51.616667,7.2
3853,Laatzen,Niedersachsen,de,40245.0,52.316666999999995,9.8
3854,Herne,Nordrhein-Westfalen,de,173121.0,51.55,7.216667
3857,Gladbeck,Nordrhein-Westfalen,de,77264.0,51.566666999999995,6.983333
3861,Erlangen,Bayern,de,102781.0,49.589721999999995,11.003889
3862,Wiesbaden,Hessen,de,272337.0,50.083333,8.25
3865,Coatbridge,North Lanarkshire,gb,39752.0,55.86666700000001,-4.033333
3868,Bologna,Bologna,it,367168.0,44.483333,11.333333
3869,Brescia,Brescia,it,193713.0,45.55,10.25
3870,Turin,Torino,it,846489.0,45.05,7.6666669999999995
3871,Naples,,it,981284.0,40.833333,14.25
3873,Ciudad Juárez,Chihuahua,mx,,31.733333,-106.483333
3874,Naucalpan,México,mx,846222.0,19.479444,-99.238333
3875,Alvaro Obregon,Ciudad de México,mx,,21.0,-100.383333
3876,Cuautitlán Izcalli,México,mx,475199.0,19.646944,-99.246667
3878,Xalapa,Veracruz de Ignacio de la Llave,mx,425166.0,19.533333,-96.916667
3903,Duisburg,Nordrhein-Westfalen,de,505271.0,51.433333000000005,6.75
3904,Pantin,Seine-Saint-Denis,fr,52147.0,48.894369,2.4093459999999998
3905,Gagny,Seine-Saint-Denis,fr,37511.0,48.883333,2.5333330000000003
3908,Villemomble,Seine-Saint-Denis,fr,27351.0,48.883333,2.5
3909,Aulnay-sous-Bois,Seine-Saint-Denis,fr,79622.0,48.938138,2.494022
3910,Bobigny,Seine-Saint-Denis,fr,44153.0,48.909825,2.45012
3915,Fribourg,Freiburg,ch,33806.0,46.79572,7.154748
3918,Schaarbeek,Brussels Hoofdstedelijk Gewest,be,,50.85,4.383333
3919,Anderlecht,Brussels Hoofdstedelijk Gewest,be,,50.833333,4.3
3925,Jezainville,Meurthe-et-Moselle,fr,,48.869459,6.040326
3926,Annecy,Haute-Savoie,fr,51119.0,45.906206,6.1266989999999995
3927,Saint-Max,Meurthe-et-Moselle,fr,10926.0,48.704294,6.209989
3928,Aix-en-Provence,Bouches-du-Rhône,fr,142133.0,43.528695,5.448791
3930,Nice,Alpes-Maritimes,fr,341621.0,43.713644,7.259519999999999
3931,Boulogne-Billancourt,Hauts-de-Seine,fr,109765.0,48.835684,2.2473419999999997
3932,Champigny-sur-Marne,Val-de-Marne,fr,71985.0,48.81642,2.493656
3942,Strasbourg,Bas-Rhin,fr,273506.0,48.600381,7.787355000000001
3943,Villeurbanne,Rhône,fr,126230.0,45.765502000000005,4.875522
3944,Lille,Nord,fr,189746.0,50.632971000000005,3.058585
3953,Tampere,Birkaland,fi,202688.0,61.5,23.75
3954,Mumbai,Maharashtra,in,,18.975,72.82583299999999
3955,Pune,Maharashtra,in,2935968.0,18.533333,73.866667
3956,Bengaluru,Karnataka,in,,12.983333,77.583333
3983,Cagayan de Oro,Misamis Oriental,ph,445212.0,8.481111,124.643056
4057,Hanoi,Ha Noi,vn,1431377.0,21.033333,105.85
4116,Ho Chi Minh City,Ho Chi Minh,vn,3467426.0,10.75,106.66666699999999
4124,Tangerang,Banten,id,1372185.0,-6.178056,106.63
4125,Casablanca,Casablanca,ma,3609698.0,33.592779,-7.619156999999999
4126,Petaling Jaya,Selangor,my,520712.0,3.083333,101.65
4127,Düsseldorf,Nordrhein-Westfalen,de,577139.0,51.216667,6.766667
4128,Dortmund,Nordrhein-Westfalen,de,594255.0,51.516667,7.45
4131,Nuremberg,Bayern,de,497593.0,49.447778,11.068333
4132,Leipzig,Sachsen,de,492637.0,51.3,12.333333
4133,Tlalpan,Ciudad de México,mx,,19.283333,-99.166667
4135,Málaga,Málaga,es,557875.0,36.726665999999994,-4.4348019999999995
4136,Coyoacán,Ciudad de México,mx,,19.328889,-99.160278
4138,Santiago de Cali,Valle del Cauca,co,,3.437222,-76.5225
4139,Seville,Sevilla,es,,37.382408,-5.976133
4140,Iztapalapa,Ciudad de México,mx,,19.351111,-99.05194399999999
4142,Zapopan,Jalisco,mx,987555.0,20.716667,-103.4
4146,Gothenburg,Västra Götalands län,se,,57.716667,11.966667
4147,Cologne,Nordrhein-Westfalen,de,968823.0,50.933333000000005,6.95
4148,Cardiff,Cardiff,gb,302142.0,51.5,-3.2
4152,São Bernardo do Campo,São Paulo,br,743386.0,-23.7,-46.55
4154,Osasco,São Paulo,br,677869.0,-23.566667000000002,-46.783333
4157,Joinville,Santa Catarina,br,461312.0,-26.3,-48.833333
4158,Helmond,Noord-Brabant,nl,88371.0,51.481431,5.700121
4159,Almelo,Overijssel,nl,76332.0,52.359606,6.656797
4160,Deventer,Overijssel,nl,87726.0,52.25,6.2
4164,Bilthoven,Utrecht,nl,,52.130663,5.192305999999999
4165,Woerden,Utrecht,nl,48653.0,52.092526,4.905165
4166,Vleuten,Utrecht,nl,,52.107683,5.011616
4167,Maarssen,Utrecht,nl,,52.143509,5.044809
4168,Enschede,Overijssel,nl,154183.0,52.219515,6.891235000000001
4169,Soest,Utrecht,nl,45752.0,52.180667,5.302906
4170,Hoofddorp,Noord-Holland,nl,,52.312058,4.693128
4171,Zeist,Utrecht,nl,60233.0,52.094411,5.241944
4172,Veenendaal,Utrecht,nl,63119.0,52.024371,5.559791000000001
4173,Apeldoorn,Gelderland,nl,157763.0,52.216667,5.966667
4174,Dordrecht,Zuid-Holland,nl,121595.0,51.800653000000004,4.698199
4175,Delft,Zuid-Holland,nl,98482.0,52.018601000000004,4.378153
4176,Alphen aan den Rijn,Zuid-Holland,nl,,52.135141,4.654932
4177,Houten,Utrecht,nl,40766.0,52.033333,5.1666669999999995
4178,Ede,Gelderland,nl,106506.0,52.035253000000004,5.677743
4179,Breda,Noord-Brabant,nl,168934.0,51.566666999999995,4.8
4180,Leiden,Zuid-Holland,nl,116928.0,52.176281,4.528154
4181,Antwerp,Antwerpen,be,459805.0,51.216667,4.4166669999999995
4182,Capelle aan den IJssel,Zuid-Holland,nl,,51.929856,4.579586
4183,Gouda,Zuid-Holland,nl,71684.0,52.022582,4.707001
4184,Amstelveen,Noord-Holland,nl,77343.0,52.310658000000004,4.876789
4185,Nieuwegein,Utrecht,nl,62806.0,52.014842,5.100405999999999
4186,Nijmegen,Gelderland,nl,158707.0,51.833333,5.866667
4187,'s-Hertogenbosch,Noord-Brabant,nl,,51.700196000000005,5.306806
4188,Hilversum,Noord-Holland,nl,83864.0,52.231896,5.179876999999999
4190,Zoetermeer,Zuid-Holland,nl,114144.0,52.027803000000006,4.512315
4191,Tilburg,Noord-Brabant,nl,206858.0,51.576921999999996,5.106331
4192,Amersfoort,Utrecht,nl,139208.0,52.156022,5.389526
4193,Kuala Lumpur,Wilayah Persekutuan Kuala Lumpur,my,1453978.0,3.166667,101.7
4194,Tokyo,Tôkyô,jp,31480498.0,35.685,139.751389
4195,Jakarta,Jakarta Raya,id,8540306.0,-6.174444,106.829444
4202,Rome,Roma,it,2643736.0,41.9,12.483333
4203,Zurich,Zürich,ch,346185.0,47.366667,8.55
4204,Tel Aviv,Tel Aviv,il,,32.066666999999995,34.766667
4205,Izmir,İzmir,tr,2501895.0,38.412726,27.138376
4206,Milan,Milano,it,1156903.0,45.466667,9.2
4207,Brussels,Brussels Hoofdstedelijk Gewest,be,1019022.0,50.833333,4.3333330000000005
4208,Lyon,Rhône,fr,463700.0,45.748457,4.846711
4216,Frankfurt am Main,Hessen,de,,50.116667,8.683333
4217,Barcelona,Barcelona,es,1570378.0,41.398371000000004,2.1741
4221,Munich,Bayern,de,1246133.0,48.15,11.5833
4222,Quezon City,National Capital Region,ph,,14.6488,121.0509
4223,Montreal,Quebec,ca,3268513.0,45.5,-73.583333
4231,Buenos Aires,Ciudad Autónoma de Buenos Aires,ar,,-34.5875,-58.6725
4234,London,England,gb,7421228.0,51.514125,-0.093689
4235,Santiago,Región Metropolitana de Santiago,cl,4837248.0,-33.45,-70.666667
4239,Marcos Juarez,Córdoba,ar,,-32.697798999999996,-62.106715
4240,Kitimat,British Columbia,ca,10278.0,54.0,-128.7
4241,Bridgwater,Somerset,gb,38021.0,51.129721999999994,-3.000556
4258,Puerto Real,Cádiz,es,36946.0,36.528604,-6.191022
4259,Stourbridge,Dudley,gb,56284.0,52.466667,-2.1333330000000004
4260,Sutton Coldfield,Birmingham,gb,107030.0,52.566667,-1.8166669999999991
4264,Malung,Dalarnas län,se,,60.666667000000004,13.7
4265,Mennecy,Essonne,fr,14216.0,48.569028,2.443839
4270,Trail,British Columbia,ca,9707.0,49.1,-117.71666699999999
4276,Bitburg,Rheinland-Pfalz,de,13154.0,49.966667,6.533333
4277,Landstuhl,Rheinland-Pfalz,de,,49.416667,7.566667
4280,Sint-Michiels,West-Vlaanderen,be,,51.183333000000005,3.2
4281,Izegem,West-Vlaanderen,be,26382.0,50.916667,3.2
4282,Gentbrugge,Oost-Vlaanderen,be,,51.05,3.75
4283,Menen,West-Vlaanderen,be,31916.0,50.8,3.1166669999999996
4284,Assebroek,West-Vlaanderen,be,,51.2,3.266667
4285,Ypres,West-Vlaanderen,be,,50.85,2.8833330000000004
4286,Minya,Al Minyā,eg,,28.119444399999995,30.744444399999995
4287,Siegen,Nordrhein-Westfalen,de,108228.0,50.866667,8.033333
4288,Capitan Bermudez,Santa Fe,ar,,-32.822623,-60.718518
4289,Casilda,Santa Fe,ar,,-33.044167,-61.16805600000001
4290,Carcarana,Santa Fe,ar,,-32.856788,-61.15330600000001
4291,Roldan,Santa Fe,ar,,-32.898462,-60.906811
4292,Nogoya,Entre Ríos,ar,,-32.393867,-59.789531000000004
4293,Granadero Baigorria,Santa Fe,ar,,-32.856833,-60.717542
4294,Funes,Santa Fe,ar,,-32.915679,-60.809948
4298,Pato Branco,Paraná,br,65754.0,-26.216666999999998,-52.666667000000004
4303,San Luis Río Colorado,Sonora,mx,139261.0,32.463056,-114.77666699999999
4305,Hoogvliet,Zuid-Holland,nl,,51.866262,4.3708290000000005
4306,Mérida,Badajoz,es,50333.0,38.916109000000006,-6.343657
4307,Drachten,Fryslân,nl,,53.112536,6.098897
4308,Raalte,Overijssel,nl,37298.0,52.383776,6.280611
4309,Oeiras,Lisboa,pt,,38.691049,-9.310847
4312,Penafiel,Porto,pt,8065.0,41.208348,-8.282847
4321,Huntingdon,Cambridgeshire,gb,21059.0,52.333333,-0.183333
4322,Kendal,Cumbria,gb,29468.0,54.316667,-2.75
4323,Barrow in Furness,Cumbria,gb,,54.11666700000001,-3.233333
4339,Sohag,Sūhāj,eg,209440.0,26.55,31.7
4340,Funza,Cundinamarca,co,54422.0,4.716381,-74.211954
4342,Hurghada,Al Baḩr al Aḩmar,eg,95689.0,27.238888899999996,33.836111100000004
4343,Bilbeis,Ash Sharqīyah,eg,,30.4166667,31.566666700000003
4344,Al Fayyum,Al Fayyūm,eg,,29.3077778,30.84
4345,Madinat an Nasr,Al Qāhirah,eg,,30.066666700000003,31.3
4347,Bani Suwayf,Banī Suwayf,eg,,29.063888899999995,31.088888899999997
4362,Saint-Fons,Rhône,fr,15760.0,45.708803,4.860567
4363,Oullins,Rhône,fr,24803.0,45.717743,4.80382
4364,Villefranche-sur-Saône,Rhône,fr,31543.0,45.987214,4.728308999999999
4365,Trinec,Frýdek Místek,cz,39054.0,49.680358,18.665348
4366,Strakonice,Strakonice,cz,23863.0,49.260996999999996,13.905073000000002
4367,Stoney Creek,Ontario,ca,,43.216667,-79.75
4368,Modugno,Bari,it,36208.0,41.083333,16.783333
4369,Putignano,Bari,it,27994.0,40.85,17.116667
4370,Pforzheim,Baden-Württemberg,de,120366.0,48.883333,8.7
4372,Choisy-le-Roi,Val-de-Marne,fr,34757.0,48.768463,2.418736
4388,Killarney,Ciarraí,ie,,52.05,-9.516666699999998
4389,Tuam,Gaillimh,ie,6130.0,53.5166667,-8.85
4390,Athy,Cill Dara,ie,6382.0,52.9913889,-6.980277799999999
4391,Tipperary,Tiobraid Árann,ie,4976.0,52.4733333,-8.1558333
4396,Mallow,Corcaigh,ie,9495.0,52.1333333,-8.633333300000002
4397,Ennis,An Clár,ie,24427.0,52.843611100000004,-8.986388900000001
4401,Enniscorthy,Loch Garman,ie,9709.0,52.5008333,-6.557777799999999
4402,Birr,Offaly,ie,4549.0,53.0913889,-7.9133333
4403,Thurles,Tiobraid Árann,ie,7588.0,52.6819444,-7.802222200000001
4404,Concord,Ontario,ca,,43.8,-79.53
4405,Eilat,Southern District,il,,29.558049,34.948212
4407,Levallois-Perret,Hauts-de-Seine,fr,59434.0,48.893889,2.2886349999999998
4408,Póvoa de Varzim,Porto,pt,29044.0,41.38344,-8.763637
4409,Caldas da Rainha,Leiria,pt,26647.0,39.403255,-9.138387
4411,Cascais,Lisboa,pt,36436.0,38.69745,-9.423141000000001
4412,Estoril,Lisboa,pt,23375.0,38.716086,-9.392349000000001
4415,Sanlúcar de Barrameda,Cádiz,es,62213.0,36.778081,-6.351504
4423,Eggenfelden,Bayern,de,12988.0,48.4,12.766667
4424,Bad Aibling,Bayern,de,17926.0,47.866667,12.0
4428,Berchtesgaden,Bayern,de,,47.633333,13.0
4429,Freising,Bayern,de,42322.0,48.4,11.733333
4432,Margate,Kent,gb,60134.0,51.383333,1.416667
4433,Basingstoke,Hampshire,gb,96349.0,51.266667,-1.083333
4434,Valle de Bravo,México,mx,28280.0,19.183332999999998,-100.133333
4436,Lloret de Mar,Girona,es,23009.0,41.699929,2.845646
4437,Puerto Plata,Puerto Plata,do,119908.0,19.8,-70.6833333
4438,Guaymate,La Romana,do,,18.5833333,-68.9833333
4443,Totoras,Santa Fe,ar,,-32.584402000000004,-61.168518999999996
4444,Canada de Gomez,Santa Fe,ar,,-32.816358,-61.39493
4450,Wairoa,Hawke's Bay,nz,4260.0,-39.033333,177.366667
4458,Meilen,Zürich,ch,11723.0,47.270429,8.643675
4459,Hochdorf,Luzern,ch,7793.0,47.168408,8.291788
4460,Ebikon,Luzern,ch,11473.0,47.079366,8.340411
4461,Baar,Zug,ch,20752.0,47.196253999999996,8.529544
4462,Rotkreuz,Zug,ch,,47.140591,8.429342
4463,Grabs,Sankt Gallen,ch,6244.0,47.182061,9.443083
4466,Mielec,Podkarpackie,pl,60993.0,50.286188,21.432657
4469,Orkanger,Trøndelag,no,,63.316667,9.866667
4470,Ranheim,Trøndelag,no,,63.433333,10.55
4475,Røros,Trøndelag,no,3499.0,62.583332999999996,11.4
4476,Ponferrada,León,es,61134.0,42.546638,-6.5961870000000005
4477,Ludvika,Dalarnas län,se,13638.0,60.15,15.183333
4478,Leksand,Dalarnas län,se,,60.733332999999995,15.016667000000002
4480,Villa,Lima,pe,,-12.2,-77.0166667
4482,Sandton,Gauteng,za,,-26.05,27.966666999999998
4483,Gordon's Bay,iTjhingalanga-Kapa,za,,-34.155595,18.876779
4484,Barcelos,Braga,pt,19084.0,41.538763,-8.615053
4489,Torelló,Barcelona,es,13275.0,42.048215,2.2639549999999997
4490,Okazaki,Aichi,jp,352364.0,34.916667,137.15
4491,Takarazuka,Hyogo,jp,219790.0,34.8,135.35
4492,Venray,Limburg,nl,40518.0,51.524516999999996,5.975006
4493,Sittard,Limburg,nl,,50.995734000000006,5.874759
4494,Roermond,Limburg,nl,46558.0,51.192695,5.988403
4495,Garopaba,Santa Catarina,br,,-28.066667,-48.666667
4496,Indaial,Santa Catarina,br,44360.0,-26.8922,-49.2239
4505,Almonte,Huelva,es,18280.0,37.261589,-6.51691
4506,Hjo,Västra Götalands län,se,,58.3,14.283332999999999
4507,Tibro,Västra Götalands län,se,,58.416667000000004,14.166667000000002
4508,Tidaholm,Västra Götalands län,se,,58.183333,13.95
4513,Magdalena del Mar,Lima,pe,,-12.1,-77.08333329999999
4515,Skarnes,Innlandet,no,2129.0,60.25,11.683333
4537,Sale,Trafford,gb,55689.0,53.416667000000004,-2.3
4540,Beauharnois,Quebec,ca,,45.316666999999995,-73.866667
4541,Andover,Hampshire,gb,39951.0,51.2,-1.483333
4565,Ten Boer,Groningen,nl,,53.275977000000005,6.689844
4567,Eschweiler,Nordrhein-Westfalen,de,55888.0,50.816666999999995,6.283333
4568,Stabekk,Viken,no,,59.9075,10.605556
4570,Skogn,Trøndelag,no,1916.0,63.63333299999999,11.216667
4571,Rivière-du-Loup,Quebec,ca,15219.0,47.833333,-69.533333
4575,Campo Bom,Rio Grande do Sul,br,54762.0,-29.683333,-51.05
4576,Paillaco,Los Ríos,cl,,-40.066666999999995,-72.883333
4579,Panguipulli,Los Ríos,cl,16312.0,-39.633333,-72.333333
4580,Quepos,Puntarenas,cr,7810.0,9.423574,-84.165224
4583,La Fortuna,Alajuela,cr,,10.470892,-84.64535
4592,Turrialba,Cartago,cr,28960.0,9.904666,-83.68351899999999
4595,Curridabat,San José,cr,34592.0,9.911785,-84.034068
4601,Nicoya,Guanacaste,cr,15315.0,10.148275,-85.452013
4606,Osby,Skåne län,se,,56.36666700000001,13.983332999999998
4607,Laholm,Hallands län,se,,56.516667000000005,13.033333
4608,Sölvesborg,Blekinge län,se,,56.05,14.55
4610,Drunen,Noord-Brabant,nl,,51.688466,5.148771
4611,Vlijmen,Noord-Brabant,nl,,51.6984,5.221648
4612,Zevenbergen,Noord-Brabant,nl,,51.647748,4.599608
4613,Prinsenbeek,Noord-Brabant,nl,,51.600905,4.714119
4614,Kaatsheuvel,Noord-Brabant,nl,,51.666667,5.066667
4615,Bladel,Noord-Brabant,nl,19199.0,51.369191,5.218936
4616,Boxtel,Noord-Brabant,nl,29572.0,51.590115999999995,5.328162
4617,Oisterwijk,Noord-Brabant,nl,25544.0,51.583449,5.208564
4618,Goirle,Noord-Brabant,nl,22899.0,51.52349,5.071676
4619,Dongen,Noord-Brabant,nl,25855.0,51.62786,4.935891000000001
4626,Vicente Lopez,Buenos Aires,ar,,-34.52426,-58.483045
4631,Arauco,Biobío,cl,24659.0,-37.25,-73.31666700000001
4633,Purranque,Los Lagos,cl,13619.0,-40.916667,-73.166667
4634,Mulchen,Biobío,cl,22170.0,-37.716667,-72.233333
4637,Jijelli,Jijel,dz,,36.8,5.7666667
4638,Weert,Limburg,nl,49614.0,51.250562,5.717901
4639,Neuilly-sur-Marne,Seine-Saint-Denis,fr,33940.0,48.853733,2.5490269999999993
4640,Bry-sur-Marne,Val-de-Marne,fr,15911.0,48.838105999999996,2.524879
4641,Slany,Kladno,cz,15330.0,50.232504,14.074933999999999
4642,Beynost,Ain,fr,,45.83809,5.00608
4643,Caluire-et-Cuire,Rhône,fr,41524.0,45.790411999999996,4.841124
4644,Feyzin,Rhône,fr,,45.667277,4.859708
4645,La Roche-sur-Yon,Vendée,fr,52595.0,46.666667,-1.433333
4646,Rijssen,Overijssel,nl,36244.0,52.308315,6.519603
4650,Fetsund,Viken,no,6480.0,59.933333,11.166667
4654,Ottestad,Innlandet,no,,60.733332999999995,11.15
4655,Hunndalen,Innlandet,no,,60.783333,10.633333
4657,Molina de Segura,Murcia,es,51917.0,38.054559000000005,-1.207631
4659,Ghaziabad,Uttar Pradesh,in,1199306.0,28.666666999999997,77.43333299999999
4667,Rychnov nad Kneznou,Rychnov nad Kněžnou,cz,11721.0,50.166667,16.283333
4668,Novy Jicin,Nový Jičín,cz,27043.0,49.598334,18.012384
4669,Béziers,Hérault,fr,68264.0,43.345287,3.2223740000000003
4670,Sokolov,Sokolov,cz,25079.0,50.178428000000004,12.647147
4671,Colatina,Espírito Santo,br,101193.0,-19.533333,-40.616667
4672,Aracruz,Espírito Santo,br,58272.0,-19.816667000000002,-40.266667
4673,Pordenone,Pordenone,it,48581.0,45.963889,12.6575
4674,Vilsbiburg,Bayern,de,11538.0,48.45,12.35
4677,Pfaffenhofen an der Ilm,Bayern,de,,48.533333,11.516667
4678,Dachau,Bayern,de,39815.0,48.266667,11.433333
4679,Dingolfing,Bayern,de,18733.0,48.633333,12.5
4702,Paphos,Baf,cy,,34.7666667,32.4166667
4706,Swords,Laighin,ie,29816.0,53.45972220000001,-6.2180556
